CDID,DP,IE,PV,SA,NACE
P224,WW,IM,CP,NA,01
P27K,WW,IM,CP,SA,01
P2D2,WW,IM,CV,NA,01
P2II,WW,IM,CV,SA,01
P2NY,WW,EX,CP,NA,01
P2TG,WW,EX,CP,SA,01
P2YW,WW,EX,CV,NA,01
P36E,WW,EX,CV,SA,01
P3BU,EU,IM,CP,NA,01
P3HC,EU,IM,CP,SA,01
P3MS,EU,IM,CV,NA,01
P3SA,EU,IM,CV,SA,01
P3XQ,EU,EX,CP,NA,01
P458,EU,EX,CP,SA,01
P4AO,EU,EX,CV,NA,01
P4G6,EU,EX,CV,SA,01
P4LM,RW,IM,CP,NA,01
P4R4,RW,IM,CP,SA,01
P4WK,RW,IM,CV,NA,01
P542,RW,IM,CV,SA,01
P59I,RW,EX,CP,NA,01
P5EY,RW,EX,CP,SA,01
P5KG,RW,EX,CV,NA,01
P5PW,RW,EX,CV,SA,01
P225,WW,IM,CP,NA,01.1
P27L,WW,IM,CP,SA,01.1
P2D3,WW,IM,CV,NA,01.1
P2IJ,WW,IM,CV,SA,01.1
P2NZ,WW,EX,CP,NA,01.1
P2TH,WW,EX,CP,SA,01.1
P2YX,WW,EX,CV,NA,01.1
P36F,WW,EX,CV,SA,01.1
P3BV,EU,IM,CP,NA,01.1
P3HD,EU,IM,CP,SA,01.1
P3MT,EU,IM,CV,NA,01.1
P3SB,EU,IM,CV,SA,01.1
P3XR,EU,EX,CP,NA,01.1
P459,EU,EX,CP,SA,01.1
P4AP,EU,EX,CV,NA,01.1
P4G7,EU,EX,CV,SA,01.1
P4LN,RW,IM,CP,NA,01.1
P4R5,RW,IM,CP,SA,01.1
P4WL,RW,IM,CV,NA,01.1
P543,RW,IM,CV,SA,01.1
P59J,RW,EX,CP,NA,01.1
P5EZ,RW,EX,CP,SA,01.1
P5KH,RW,EX,CV,NA,01.1
P5PX,RW,EX,CV,SA,01.1
P226,WW,IM,CP,NA,01.2
P27M,WW,IM,CP,SA,01.2
P2D4,WW,IM,CV,NA,01.2
P2IK,WW,IM,CV,SA,01.2
P2O2,WW,EX,CP,NA,01.2
P2TI,WW,EX,CP,SA,01.2
P2YY,WW,EX,CV,NA,01.2
P36G,WW,EX,CV,SA,01.2
P3BW,EU,IM,CP,NA,01.2
P3HE,EU,IM,CP,SA,01.2
P3MU,EU,IM,CV,NA,01.2
P3SC,EU,IM,CV,SA,01.2
P3XS,EU,EX,CP,NA,01.2
P45A,EU,EX,CP,SA,01.2
P4AQ,EU,EX,CV,NA,01.2
P4G8,EU,EX,CV,SA,01.2
P4LO,RW,IM,CP,NA,01.2
P4R6,RW,IM,CP,SA,01.2
P4WM,RW,IM,CV,NA,01.2
P544,RW,IM,CV,SA,01.2
P59K,RW,EX,CP,NA,01.2
P5F2,RW,EX,CP,SA,01.2
P5KI,RW,EX,CV,NA,01.2
P5PY,RW,EX,CV,SA,01.2
P227,WW,IM,CP,NA,01.3
P27N,WW,IM,CP,SA,01.3
P2D5,WW,IM,CV,NA,01.3
P2IL,WW,IM,CV,SA,01.3
P2O3,WW,EX,CP,NA,01.3
P2TJ,WW,EX,CP,SA,01.3
P2YZ,WW,EX,CV,NA,01.3
P36H,WW,EX,CV,SA,01.3
P3BX,EU,IM,CP,NA,01.3
P3HF,EU,IM,CP,SA,01.3
P3MV,EU,IM,CV,NA,01.3
P3SD,EU,IM,CV,SA,01.3
P3XT,EU,EX,CP,NA,01.3
P45B,EU,EX,CP,SA,01.3
P4AR,EU,EX,CV,NA,01.3
P4G9,EU,EX,CV,SA,01.3
P4LP,RW,IM,CP,NA,01.3
P4R7,RW,IM,CP,SA,01.3
P4WN,RW,IM,CV,NA,01.3
P545,RW,IM,CV,SA,01.3
P59L,RW,EX,CP,NA,01.3
P5F3,RW,EX,CP,SA,01.3
P5KJ,RW,EX,CV,NA,01.3
P5PZ,RW,EX,CV,SA,01.3
P228,WW,IM,CP,NA,01.4
P27O,WW,IM,CP,SA,01.4
P2D6,WW,IM,CV,NA,01.4
P2IM,WW,IM,CV,SA,01.4
P2O4,WW,EX,CP,NA,01.4
P2TK,WW,EX,CP,SA,01.4
P2Z2,WW,EX,CV,NA,01.4
P36I,WW,EX,CV,SA,01.4
P3BY,EU,IM,CP,NA,01.4
P3HG,EU,IM,CP,SA,01.4
P3MW,EU,IM,CV,NA,01.4
P3SE,EU,IM,CV,SA,01.4
P3XU,EU,EX,CP,NA,01.4
P45C,EU,EX,CP,SA,01.4
P4AS,EU,EX,CV,NA,01.4
P4GA,EU,EX,CV,SA,01.4
P4LQ,RW,IM,CP,NA,01.4
P4R8,RW,IM,CP,SA,01.4
P4WO,RW,IM,CV,NA,01.4
P546,RW,IM,CV,SA,01.4
P59M,RW,EX,CP,NA,01.4
P5F4,RW,EX,CP,SA,01.4
P5KK,RW,EX,CV,NA,01.4
P5Q2,RW,EX,CV,SA,01.4
P229,WW,IM,CP,NA,02
P27P,WW,IM,CP,SA,02
P2D7,WW,IM,CV,NA,02
P2IN,WW,IM,CV,SA,02
P2O5,WW,EX,CP,NA,02
P2TL,WW,EX,CP,SA,02
P2Z3,WW,EX,CV,NA,02
P36J,WW,EX,CV,SA,02
P3BZ,EU,IM,CP,NA,02
P3HH,EU,IM,CP,SA,02
P3MX,EU,IM,CV,NA,02
P3SF,EU,IM,CV,SA,02
P3XV,EU,EX,CP,NA,02
P45D,EU,EX,CP,SA,02
P4AT,EU,EX,CV,NA,02
P4GB,EU,EX,CV,SA,02
P4LR,RW,IM,CP,NA,02
P4R9,RW,IM,CP,SA,02
P4WP,RW,IM,CV,NA,02
P547,RW,IM,CV,SA,02
P59N,RW,EX,CP,NA,02
P5F5,RW,EX,CP,SA,02
P5KL,RW,EX,CV,NA,02
P5Q3,RW,EX,CV,SA,02
P22A,WW,IM,CP,NA,02.1
P27Q,WW,IM,CP,SA,02.1
P2D8,WW,IM,CV,NA,02.1
P2IO,WW,IM,CV,SA,02.1
P2O6,WW,EX,CP,NA,02.1
P2TM,WW,EX,CP,SA,02.1
P2Z4,WW,EX,CV,NA,02.1
P36K,WW,EX,CV,SA,02.1
P3C2,EU,IM,CP,NA,02.1
P3HI,EU,IM,CP,SA,02.1
P3MY,EU,IM,CV,NA,02.1
P3SG,EU,IM,CV,SA,02.1
P3XW,EU,EX,CP,NA,02.1
P45E,EU,EX,CP,SA,02.1
P4AU,EU,EX,CV,NA,02.1
P4GC,EU,EX,CV,SA,02.1
P4LS,RW,IM,CP,NA,02.1
P4RA,RW,IM,CP,SA,02.1
P4WQ,RW,IM,CV,NA,02.1
P548,RW,IM,CV,SA,02.1
P59O,RW,EX,CP,NA,02.1
P5F6,RW,EX,CP,SA,02.1
P5KM,RW,EX,CV,NA,02.1
P5Q4,RW,EX,CV,SA,02.1
P22B,WW,IM,CP,NA,02.2
P27R,WW,IM,CP,SA,02.2
P2D9,WW,IM,CV,NA,02.2
P2IP,WW,IM,CV,SA,02.2
P2O7,WW,EX,CP,NA,02.2
P2TN,WW,EX,CP,SA,02.2
P2Z5,WW,EX,CV,NA,02.2
P36L,WW,EX,CV,SA,02.2
P3C3,EU,IM,CP,NA,02.2
P3HJ,EU,IM,CP,SA,02.2
P3MZ,EU,IM,CV,NA,02.2
P3SH,EU,IM,CV,SA,02.2
P3XX,EU,EX,CP,NA,02.2
P45F,EU,EX,CP,SA,02.2
P4AV,EU,EX,CV,NA,02.2
P4GD,EU,EX,CV,SA,02.2
P4LT,RW,IM,CP,NA,02.2
P4RB,RW,IM,CP,SA,02.2
P4WR,RW,IM,CV,NA,02.2
P549,RW,IM,CV,SA,02.2
P59P,RW,EX,CP,NA,02.2
P5F7,RW,EX,CP,SA,02.2
P5KN,RW,EX,CV,NA,02.2
P5Q5,RW,EX,CV,SA,02.2
P22C,WW,IM,CP,NA,02.3
P27S,WW,IM,CP,SA,02.3
P2DA,WW,IM,CV,NA,02.3
P2IQ,WW,IM,CV,SA,02.3
P2O8,WW,EX,CP,NA,02.3
P2TO,WW,EX,CP,SA,02.3
P2Z6,WW,EX,CV,NA,02.3
P36M,WW,EX,CV,SA,02.3
P3C4,EU,IM,CP,NA,02.3
P3HK,EU,IM,CP,SA,02.3
P3N2,EU,IM,CV,NA,02.3
P3SI,EU,IM,CV,SA,02.3
P3XY,EU,EX,CP,NA,02.3
P45G,EU,EX,CP,SA,02.3
P4AW,EU,EX,CV,NA,02.3
P4GE,EU,EX,CV,SA,02.3
P4LU,RW,IM,CP,NA,02.3
P4RC,RW,IM,CP,SA,02.3
P4WS,RW,IM,CV,NA,02.3
P54A,RW,IM,CV,SA,02.3
P59Q,RW,EX,CP,NA,02.3
P5F8,RW,EX,CP,SA,02.3
P5KO,RW,EX,CV,NA,02.3
P5Q6,RW,EX,CV,SA,02.3
P22D,WW,IM,CP,NA,03
P27T,WW,IM,CP,SA,03
P2DB,WW,IM,CV,NA,03
P2IR,WW,IM,CV,SA,03
P2O9,WW,EX,CP,NA,03
P2TP,WW,EX,CP,SA,03
P2Z7,WW,EX,CV,NA,03
P36N,WW,EX,CV,SA,03
P3C5,EU,IM,CP,NA,03
P3HL,EU,IM,CP,SA,03
P3N3,EU,IM,CV,NA,03
P3SJ,EU,IM,CV,SA,03
P3XZ,EU,EX,CP,NA,03
P45H,EU,EX,CP,SA,03
P4AX,EU,EX,CV,NA,03
P4GF,EU,EX,CV,SA,03
P4LV,RW,IM,CP,NA,03
P4RD,RW,IM,CP,SA,03
P4WT,RW,IM,CV,NA,03
P54B,RW,IM,CV,SA,03
P59R,RW,EX,CP,NA,03
P5F9,RW,EX,CP,SA,03
P5KP,RW,EX,CV,NA,03
P5Q7,RW,EX,CV,SA,03
P22F,WW,IM,CP,NA,05
P27V,WW,IM,CP,SA,05
P2DD,WW,IM,CV,NA,05
P2IT,WW,IM,CV,SA,05
P2OB,WW,EX,CP,NA,05
P2TR,WW,EX,CP,SA,05
P2Z9,WW,EX,CV,NA,05
P36P,WW,EX,CV,SA,05
P3C7,EU,IM,CP,NA,05
P3HN,EU,IM,CP,SA,05
P3N5,EU,IM,CV,NA,05
P3SL,EU,IM,CV,SA,05
P3Y3,EU,EX,CP,NA,05
P45J,EU,EX,CP,SA,05
P4AZ,EU,EX,CV,NA,05
P4GH,EU,EX,CV,SA,05
P4LX,RW,IM,CP,NA,05
P4RF,RW,IM,CP,SA,05
P4WV,RW,IM,CV,NA,05
P54D,RW,IM,CV,SA,05
P59T,RW,EX,CP,NA,05
P5FB,RW,EX,CP,SA,05
P5KR,RW,EX,CV,NA,05
P5Q9,RW,EX,CV,SA,05
P22G,WW,IM,CP,NA,05.1
P27W,WW,IM,CP,SA,05.1
P2DE,WW,IM,CV,NA,05.1
P2IU,WW,IM,CV,SA,05.1
P2OC,WW,EX,CP,NA,05.1
P2TS,WW,EX,CP,SA,05.1
P2ZA,WW,EX,CV,NA,05.1
P36Q,WW,EX,CV,SA,05.1
P3C8,EU,IM,CP,NA,05.1
P3HO,EU,IM,CP,SA,05.1
P3N6,EU,IM,CV,NA,05.1
P3SM,EU,IM,CV,SA,05.1
P3Y4,EU,EX,CP,NA,05.1
P45K,EU,EX,CP,SA,05.1
P4B2,EU,EX,CV,NA,05.1
P4GI,EU,EX,CV,SA,05.1
P4LY,RW,IM,CP,NA,05.1
P4RG,RW,IM,CP,SA,05.1
P4WW,RW,IM,CV,NA,05.1
P54E,RW,IM,CV,SA,05.1
P59U,RW,EX,CP,NA,05.1
P5FC,RW,EX,CP,SA,05.1
P5KS,RW,EX,CV,NA,05.1
P5QA,RW,EX,CV,SA,05.1
P22H,WW,IM,CP,NA,05.2
P27X,WW,IM,CP,SA,05.2
P2DF,WW,IM,CV,NA,05.2
P2IV,WW,IM,CV,SA,05.2
P2OD,WW,EX,CP,NA,05.2
P2TT,WW,EX,CP,SA,05.2
P2ZB,WW,EX,CV,NA,05.2
P36R,WW,EX,CV,SA,05.2
P3C9,EU,IM,CP,NA,05.2
P3HP,EU,IM,CP,SA,05.2
P3N7,EU,IM,CV,NA,05.2
P3SN,EU,IM,CV,SA,05.2
P3Y5,EU,EX,CP,NA,05.2
P45L,EU,EX,CP,SA,05.2
P4B3,EU,EX,CV,NA,05.2
P4GJ,EU,EX,CV,SA,05.2
P4LZ,RW,IM,CP,NA,05.2
P4RH,RW,IM,CP,SA,05.2
P4WX,RW,IM,CV,NA,05.2
P54F,RW,IM,CV,SA,05.2
P59V,RW,EX,CP,NA,05.2
P5FD,RW,EX,CP,SA,05.2
P5KT,RW,EX,CV,NA,05.2
P5QB,RW,EX,CV,SA,05.2
P22I,WW,IM,CP,NA,06
P27Y,WW,IM,CP,SA,06
P2DG,WW,IM,CV,NA,06
P2IW,WW,IM,CV,SA,06
P2OE,WW,EX,CP,NA,06
P2TU,WW,EX,CP,SA,06
P2ZC,WW,EX,CV,NA,06
P36S,WW,EX,CV,SA,06
P3CA,EU,IM,CP,NA,06
P3HQ,EU,IM,CP,SA,06
P3N8,EU,IM,CV,NA,06
P3SO,EU,IM,CV,SA,06
P3Y6,EU,EX,CP,NA,06
P45M,EU,EX,CP,SA,06
P4B4,EU,EX,CV,NA,06
P4GK,EU,EX,CV,SA,06
P4M2,RW,IM,CP,NA,06
P4RI,RW,IM,CP,SA,06
P4WY,RW,IM,CV,NA,06
P54G,RW,IM,CV,SA,06
P59W,RW,EX,CP,NA,06
P5FE,RW,EX,CP,SA,06
P5KU,RW,EX,CV,NA,06
P5QC,RW,EX,CV,SA,06
P22J,WW,IM,CP,NA,06.1
P27Z,WW,IM,CP,SA,06.1
P2DH,WW,IM,CV,NA,06.1
P2IX,WW,IM,CV,SA,06.1
P2OF,WW,EX,CP,NA,06.1
P2TV,WW,EX,CP,SA,06.1
P2ZD,WW,EX,CV,NA,06.1
P36T,WW,EX,CV,SA,06.1
P3CB,EU,IM,CP,NA,06.1
P3HR,EU,IM,CP,SA,06.1
P3N9,EU,IM,CV,NA,06.1
P3SP,EU,IM,CV,SA,06.1
P3Y7,EU,EX,CP,NA,06.1
P45N,EU,EX,CP,SA,06.1
P4B5,EU,EX,CV,NA,06.1
P4GL,EU,EX,CV,SA,06.1
P4M3,RW,IM,CP,NA,06.1
P4RJ,RW,IM,CP,SA,06.1
P4WZ,RW,IM,CV,NA,06.1
P54H,RW,IM,CV,SA,06.1
P59X,RW,EX,CP,NA,06.1
P5FF,RW,EX,CP,SA,06.1
P5KV,RW,EX,CV,NA,06.1
P5QD,RW,EX,CV,SA,06.1
P22K,WW,IM,CP,NA,06.2
P282,WW,IM,CP,SA,06.2
P2DI,WW,IM,CV,NA,06.2
P2IY,WW,IM,CV,SA,06.2
P2OG,WW,EX,CP,NA,06.2
P2TW,WW,EX,CP,SA,06.2
P2ZE,WW,EX,CV,NA,06.2
P36U,WW,EX,CV,SA,06.2
P3CC,EU,IM,CP,NA,06.2
P3HS,EU,IM,CP,SA,06.2
P3NA,EU,IM,CV,NA,06.2
P3SQ,EU,IM,CV,SA,06.2
P3Y8,EU,EX,CP,NA,06.2
P45O,EU,EX,CP,SA,06.2
P4B6,EU,EX,CV,NA,06.2
P4GM,EU,EX,CV,SA,06.2
P4M4,RW,IM,CP,NA,06.2
P4RK,RW,IM,CP,SA,06.2
P4X2,RW,IM,CV,NA,06.2
P54I,RW,IM,CV,SA,06.2
P59Y,RW,EX,CP,NA,06.2
P5FG,RW,EX,CP,SA,06.2
P5KW,RW,EX,CV,NA,06.2
P5QE,RW,EX,CV,SA,06.2
P22L,WW,IM,CP,NA,07
P283,WW,IM,CP,SA,07
P2DJ,WW,IM,CV,NA,07
P2IZ,WW,IM,CV,SA,07
P2OH,WW,EX,CP,NA,07
P2TX,WW,EX,CP,SA,07
P2ZF,WW,EX,CV,NA,07
P36V,WW,EX,CV,SA,07
P3CD,EU,IM,CP,NA,07
P3HT,EU,IM,CP,SA,07
P3NB,EU,IM,CV,NA,07
P3SR,EU,IM,CV,SA,07
P3Y9,EU,EX,CP,NA,07
P45P,EU,EX,CP,SA,07
P4B7,EU,EX,CV,NA,07
P4GN,EU,EX,CV,SA,07
P4M5,RW,IM,CP,NA,07
P4RL,RW,IM,CP,SA,07
P4X3,RW,IM,CV,NA,07
P54J,RW,IM,CV,SA,07
P59Z,RW,EX,CP,NA,07
P5FH,RW,EX,CP,SA,07
P5KX,RW,EX,CV,NA,07
P5QF,RW,EX,CV,SA,07
P22M,WW,IM,CP,NA,07.1
P284,WW,IM,CP,SA,07.1
P2DK,WW,IM,CV,NA,07.1
P2J2,WW,IM,CV,SA,07.1
P2OI,WW,EX,CP,NA,07.1
P2TY,WW,EX,CP,SA,07.1
P2ZG,WW,EX,CV,NA,07.1
P36W,WW,EX,CV,SA,07.1
P3CE,EU,IM,CP,NA,07.1
P3HU,EU,IM,CP,SA,07.1
P3NC,EU,IM,CV,NA,07.1
P3SS,EU,IM,CV,SA,07.1
P3YA,EU,EX,CP,NA,07.1
P45Q,EU,EX,CP,SA,07.1
P4B8,EU,EX,CV,NA,07.1
P4GO,EU,EX,CV,SA,07.1
P4M6,RW,IM,CP,NA,07.1
P4RM,RW,IM,CP,SA,07.1
P4X4,RW,IM,CV,NA,07.1
P54K,RW,IM,CV,SA,07.1
P5A2,RW,EX,CP,NA,07.1
P5FI,RW,EX,CP,SA,07.1
P5KY,RW,EX,CV,NA,07.1
P5QG,RW,EX,CV,SA,07.1
P22N,WW,IM,CP,NA,07.2
P285,WW,IM,CP,SA,07.2
P2DL,WW,IM,CV,NA,07.2
P2J3,WW,IM,CV,SA,07.2
P2OJ,WW,EX,CP,NA,07.2
P2TZ,WW,EX,CP,SA,07.2
P2ZH,WW,EX,CV,NA,07.2
P36X,WW,EX,CV,SA,07.2
P3CF,EU,IM,CP,NA,07.2
P3HV,EU,IM,CP,SA,07.2
P3ND,EU,IM,CV,NA,07.2
P3ST,EU,IM,CV,SA,07.2
P3YB,EU,EX,CP,NA,07.2
P45R,EU,EX,CP,SA,07.2
P4B9,EU,EX,CV,NA,07.2
P4GP,EU,EX,CV,SA,07.2
P4M7,RW,IM,CP,NA,07.2
P4RN,RW,IM,CP,SA,07.2
P4X5,RW,IM,CV,NA,07.2
P54L,RW,IM,CV,SA,07.2
P5A3,RW,EX,CP,NA,07.2
P5FJ,RW,EX,CP,SA,07.2
P5KZ,RW,EX,CV,NA,07.2
P5QH,RW,EX,CV,SA,07.2
P22O,WW,IM,CP,NA,08
P286,WW,IM,CP,SA,08
P2DM,WW,IM,CV,NA,08
P2J4,WW,IM,CV,SA,08
P2OK,WW,EX,CP,NA,08
P2U2,WW,EX,CP,SA,08
P2ZI,WW,EX,CV,NA,08
P36Y,WW,EX,CV,SA,08
P3CG,EU,IM,CP,NA,08
P3HW,EU,IM,CP,SA,08
P3NE,EU,IM,CV,NA,08
P3SU,EU,IM,CV,SA,08
P3YC,EU,EX,CP,NA,08
P45S,EU,EX,CP,SA,08
P4BA,EU,EX,CV,NA,08
P4GQ,EU,EX,CV,SA,08
P4M8,RW,IM,CP,NA,08
P4RO,RW,IM,CP,SA,08
P4X6,RW,IM,CV,NA,08
P54M,RW,IM,CV,SA,08
P5A4,RW,EX,CP,NA,08
P5FK,RW,EX,CP,SA,08
P5L2,RW,EX,CV,NA,08
P5QI,RW,EX,CV,SA,08
P22P,WW,IM,CP,NA,08.1
P287,WW,IM,CP,SA,08.1
P2DN,WW,IM,CV,NA,08.1
P2J5,WW,IM,CV,SA,08.1
P2OL,WW,EX,CP,NA,08.1
P2U3,WW,EX,CP,SA,08.1
P2ZJ,WW,EX,CV,NA,08.1
P36Z,WW,EX,CV,SA,08.1
P3CH,EU,IM,CP,NA,08.1
P3HX,EU,IM,CP,SA,08.1
P3NF,EU,IM,CV,NA,08.1
P3SV,EU,IM,CV,SA,08.1
P3YD,EU,EX,CP,NA,08.1
P45T,EU,EX,CP,SA,08.1
P4BB,EU,EX,CV,NA,08.1
P4GR,EU,EX,CV,SA,08.1
P4M9,RW,IM,CP,NA,08.1
P4RP,RW,IM,CP,SA,08.1
P4X7,RW,IM,CV,NA,08.1
P54N,RW,IM,CV,SA,08.1
P5A5,RW,EX,CP,NA,08.1
P5FL,RW,EX,CP,SA,08.1
P5L3,RW,EX,CV,NA,08.1
P5QJ,RW,EX,CV,SA,08.1
P22Q,WW,IM,CP,NA,08.9
P288,WW,IM,CP,SA,08.9
P2DO,WW,IM,CV,NA,08.9
P2J6,WW,IM,CV,SA,08.9
P2OM,WW,EX,CP,NA,08.9
P2U4,WW,EX,CP,SA,08.9
P2ZK,WW,EX,CV,NA,08.9
P372,WW,EX,CV,SA,08.9
P3CI,EU,IM,CP,NA,08.9
P3HY,EU,IM,CP,SA,08.9
P3NG,EU,IM,CV,NA,08.9
P3SW,EU,IM,CV,SA,08.9
P3YE,EU,EX,CP,NA,08.9
P45U,EU,EX,CP,SA,08.9
P4BC,EU,EX,CV,NA,08.9
P4GS,EU,EX,CV,SA,08.9
P4MA,RW,IM,CP,NA,08.9
P4RQ,RW,IM,CP,SA,08.9
P4X8,RW,IM,CV,NA,08.9
P54O,RW,IM,CV,SA,08.9
P5A6,RW,EX,CP,NA,08.9
P5FM,RW,EX,CP,SA,08.9
P5L4,RW,EX,CV,NA,08.9
P5QK,RW,EX,CV,SA,08.9
P22S,WW,IM,CP,NA,10
P28A,WW,IM,CP,SA,10
P2DQ,WW,IM,CV,NA,10
P2J8,WW,IM,CV,SA,10
P2OO,WW,EX,CP,NA,10
P2U6,WW,EX,CP,SA,10
P2ZM,WW,EX,CV,NA,10
P374,WW,EX,CV,SA,10
P3CK,EU,IM,CP,NA,10
P3I2,EU,IM,CP,SA,10
P3NI,EU,IM,CV,NA,10
P3SY,EU,IM,CV,SA,10
P3YG,EU,EX,CP,NA,10
P45W,EU,EX,CP,SA,10
P4BE,EU,EX,CV,NA,10
P4GU,EU,EX,CV,SA,10
P4MC,RW,IM,CP,NA,10
P4RS,RW,IM,CP,SA,10
P4XA,RW,IM,CV,NA,10
P54Q,RW,IM,CV,SA,10
P5A8,RW,EX,CP,NA,10
P5FO,RW,EX,CP,SA,10
P5L6,RW,EX,CV,NA,10
P5QM,RW,EX,CV,SA,10
P22T,WW,IM,CP,NA,10.1
P28B,WW,IM,CP,SA,10.1
P2DR,WW,IM,CV,NA,10.1
P2J9,WW,IM,CV,SA,10.1
P2OP,WW,EX,CP,NA,10.1
P2U7,WW,EX,CP,SA,10.1
P2ZN,WW,EX,CV,NA,10.1
P375,WW,EX,CV,SA,10.1
P3CL,EU,IM,CP,NA,10.1
P3I3,EU,IM,CP,SA,10.1
P3NJ,EU,IM,CV,NA,10.1
P3SZ,EU,IM,CV,SA,10.1
P3YH,EU,EX,CP,NA,10.1
P45X,EU,EX,CP,SA,10.1
P4BF,EU,EX,CV,NA,10.1
P4GV,EU,EX,CV,SA,10.1
P4MD,RW,IM,CP,NA,10.1
P4RT,RW,IM,CP,SA,10.1
P4XB,RW,IM,CV,NA,10.1
P54R,RW,IM,CV,SA,10.1
P5A9,RW,EX,CP,NA,10.1
P5FP,RW,EX,CP,SA,10.1
P5L7,RW,EX,CV,NA,10.1
P5QN,RW,EX,CV,SA,10.1
P22U,WW,IM,CP,NA,10.2
P28C,WW,IM,CP,SA,10.2
P2DS,WW,IM,CV,NA,10.2
P2JA,WW,IM,CV,SA,10.2
P2OQ,WW,EX,CP,NA,10.2
P2U8,WW,EX,CP,SA,10.2
P2ZO,WW,EX,CV,NA,10.2
P376,WW,EX,CV,SA,10.2
P3CM,EU,IM,CP,NA,10.2
P3I4,EU,IM,CP,SA,10.2
P3NK,EU,IM,CV,NA,10.2
P3T2,EU,IM,CV,SA,10.2
P3YI,EU,EX,CP,NA,10.2
P45Y,EU,EX,CP,SA,10.2
P4BG,EU,EX,CV,NA,10.2
P4GW,EU,EX,CV,SA,10.2
P4ME,RW,IM,CP,NA,10.2
P4RU,RW,IM,CP,SA,10.2
P4XC,RW,IM,CV,NA,10.2
P54S,RW,IM,CV,SA,10.2
P5AA,RW,EX,CP,NA,10.2
P5FQ,RW,EX,CP,SA,10.2
P5L8,RW,EX,CV,NA,10.2
P5QO,RW,EX,CV,SA,10.2
P22V,WW,IM,CP,NA,10.3
P28D,WW,IM,CP,SA,10.3
P2DT,WW,IM,CV,NA,10.3
P2JB,WW,IM,CV,SA,10.3
P2OR,WW,EX,CP,NA,10.3
P2U9,WW,EX,CP,SA,10.3
P2ZP,WW,EX,CV,NA,10.3
P377,WW,EX,CV,SA,10.3
P3CN,EU,IM,CP,NA,10.3
P3I5,EU,IM,CP,SA,10.3
P3NL,EU,IM,CV,NA,10.3
P3T3,EU,IM,CV,SA,10.3
P3YJ,EU,EX,CP,NA,10.3
P45Z,EU,EX,CP,SA,10.3
P4BH,EU,EX,CV,NA,10.3
P4GX,EU,EX,CV,SA,10.3
P4MF,RW,IM,CP,NA,10.3
P4RV,RW,IM,CP,SA,10.3
P4XD,RW,IM,CV,NA,10.3
P54T,RW,IM,CV,SA,10.3
P5AB,RW,EX,CP,NA,10.3
P5FR,RW,EX,CP,SA,10.3
P5L9,RW,EX,CV,NA,10.3
P5QP,RW,EX,CV,SA,10.3
P22W,WW,IM,CP,NA,10.4
P28E,WW,IM,CP,SA,10.4
P2DU,WW,IM,CV,NA,10.4
P2JC,WW,IM,CV,SA,10.4
P2OS,WW,EX,CP,NA,10.4
P2UA,WW,EX,CP,SA,10.4
P2ZQ,WW,EX,CV,NA,10.4
P378,WW,EX,CV,SA,10.4
P3CO,EU,IM,CP,NA,10.4
P3I6,EU,IM,CP,SA,10.4
P3NM,EU,IM,CV,NA,10.4
P3T4,EU,IM,CV,SA,10.4
P3YK,EU,EX,CP,NA,10.4
P462,EU,EX,CP,SA,10.4
P4BI,EU,EX,CV,NA,10.4
P4GY,EU,EX,CV,SA,10.4
P4MG,RW,IM,CP,NA,10.4
P4RW,RW,IM,CP,SA,10.4
P4XE,RW,IM,CV,NA,10.4
P54U,RW,IM,CV,SA,10.4
P5AC,RW,EX,CP,NA,10.4
P5FS,RW,EX,CP,SA,10.4
P5LA,RW,EX,CV,NA,10.4
P5QQ,RW,EX,CV,SA,10.4
P22X,WW,IM,CP,NA,10.5
P28F,WW,IM,CP,SA,10.5
P2DV,WW,IM,CV,NA,10.5
P2JD,WW,IM,CV,SA,10.5
P2OT,WW,EX,CP,NA,10.5
P2UB,WW,EX,CP,SA,10.5
P2ZR,WW,EX,CV,NA,10.5
P379,WW,EX,CV,SA,10.5
P3CP,EU,IM,CP,NA,10.5
P3I7,EU,IM,CP,SA,10.5
P3NN,EU,IM,CV,NA,10.5
P3T5,EU,IM,CV,SA,10.5
P3YL,EU,EX,CP,NA,10.5
P463,EU,EX,CP,SA,10.5
P4BJ,EU,EX,CV,NA,10.5
P4GZ,EU,EX,CV,SA,10.5
P4MH,RW,IM,CP,NA,10.5
P4RX,RW,IM,CP,SA,10.5
P4XF,RW,IM,CV,NA,10.5
P54V,RW,IM,CV,SA,10.5
P5AD,RW,EX,CP,NA,10.5
P5FT,RW,EX,CP,SA,10.5
P5LB,RW,EX,CV,NA,10.5
P5QR,RW,EX,CV,SA,10.5
P22Y,WW,IM,CP,NA,10.6
P28G,WW,IM,CP,SA,10.6
P2DW,WW,IM,CV,NA,10.6
P2JE,WW,IM,CV,SA,10.6
P2OU,WW,EX,CP,NA,10.6
P2UC,WW,EX,CP,SA,10.6
P2ZS,WW,EX,CV,NA,10.6
P37A,WW,EX,CV,SA,10.6
P3CQ,EU,IM,CP,NA,10.6
P3I8,EU,IM,CP,SA,10.6
P3NO,EU,IM,CV,NA,10.6
P3T6,EU,IM,CV,SA,10.6
P3YM,EU,EX,CP,NA,10.6
P464,EU,EX,CP,SA,10.6
P4BK,EU,EX,CV,NA,10.6
P4H2,EU,EX,CV,SA,10.6
P4MI,RW,IM,CP,NA,10.6
P4RY,RW,IM,CP,SA,10.6
P4XG,RW,IM,CV,NA,10.6
P54W,RW,IM,CV,SA,10.6
P5AE,RW,EX,CP,NA,10.6
P5FU,RW,EX,CP,SA,10.6
P5LC,RW,EX,CV,NA,10.6
P5QS,RW,EX,CV,SA,10.6
P22Z,WW,IM,CP,NA,10.7
P28H,WW,IM,CP,SA,10.7
P2DX,WW,IM,CV,NA,10.7
P2JF,WW,IM,CV,SA,10.7
P2OV,WW,EX,CP,NA,10.7
P2UD,WW,EX,CP,SA,10.7
P2ZT,WW,EX,CV,NA,10.7
P37B,WW,EX,CV,SA,10.7
P3CR,EU,IM,CP,NA,10.7
P3I9,EU,IM,CP,SA,10.7
P3NP,EU,IM,CV,NA,10.7
P3T7,EU,IM,CV,SA,10.7
P3YN,EU,EX,CP,NA,10.7
P465,EU,EX,CP,SA,10.7
P4BL,EU,EX,CV,NA,10.7
P4H3,EU,EX,CV,SA,10.7
P4MJ,RW,IM,CP,NA,10.7
P4RZ,RW,IM,CP,SA,10.7
P4XH,RW,IM,CV,NA,10.7
P54X,RW,IM,CV,SA,10.7
P5AF,RW,EX,CP,NA,10.7
P5FV,RW,EX,CP,SA,10.7
P5LD,RW,EX,CV,NA,10.7
P5QT,RW,EX,CV,SA,10.7
P232,WW,IM,CP,NA,10.8
P28I,WW,IM,CP,SA,10.8
P2DY,WW,IM,CV,NA,10.8
P2JG,WW,IM,CV,SA,10.8
P2OW,WW,EX,CP,NA,10.8
P2UE,WW,EX,CP,SA,10.8
P2ZU,WW,EX,CV,NA,10.8
P37C,WW,EX,CV,SA,10.8
P3CS,EU,IM,CP,NA,10.8
P3IA,EU,IM,CP,SA,10.8
P3NQ,EU,IM,CV,NA,10.8
P3T8,EU,IM,CV,SA,10.8
P3YO,EU,EX,CP,NA,10.8
P466,EU,EX,CP,SA,10.8
P4BM,EU,EX,CV,NA,10.8
P4H4,EU,EX,CV,SA,10.8
P4MK,RW,IM,CP,NA,10.8
P4S2,RW,IM,CP,SA,10.8
P4XI,RW,IM,CV,NA,10.8
P54Y,RW,IM,CV,SA,10.8
P5AG,RW,EX,CP,NA,10.8
P5FW,RW,EX,CP,SA,10.8
P5LE,RW,EX,CV,NA,10.8
P5QU,RW,EX,CV,SA,10.8
P233,WW,IM,CP,NA,10.9
P28J,WW,IM,CP,SA,10.9
P2DZ,WW,IM,CV,NA,10.9
P2JH,WW,IM,CV,SA,10.9
P2OX,WW,EX,CP,NA,10.9
P2UF,WW,EX,CP,SA,10.9
P2ZV,WW,EX,CV,NA,10.9
P37D,WW,EX,CV,SA,10.9
P3CT,EU,IM,CP,NA,10.9
P3IB,EU,IM,CP,SA,10.9
P3NR,EU,IM,CV,NA,10.9
P3T9,EU,IM,CV,SA,10.9
P3YP,EU,EX,CP,NA,10.9
P467,EU,EX,CP,SA,10.9
P4BN,EU,EX,CV,NA,10.9
P4H5,EU,EX,CV,SA,10.9
P4ML,RW,IM,CP,NA,10.9
P4S3,RW,IM,CP,SA,10.9
P4XJ,RW,IM,CV,NA,10.9
P54Z,RW,IM,CV,SA,10.9
P5AH,RW,EX,CP,NA,10.9
P5FX,RW,EX,CP,SA,10.9
P5LF,RW,EX,CV,NA,10.9
P5QV,RW,EX,CV,SA,10.9
P234,WW,IM,CP,NA,11
P28K,WW,IM,CP,SA,11
P2E2,WW,IM,CV,NA,11
P2JI,WW,IM,CV,SA,11
P2OY,WW,EX,CP,NA,11
P2UG,WW,EX,CP,SA,11
P2ZW,WW,EX,CV,NA,11
P37E,WW,EX,CV,SA,11
P3CU,EU,IM,CP,NA,11
P3IC,EU,IM,CP,SA,11
P3NS,EU,IM,CV,NA,11
P3TA,EU,IM,CV,SA,11
P3YQ,EU,EX,CP,NA,11
P468,EU,EX,CP,SA,11
P4BO,EU,EX,CV,NA,11
P4H6,EU,EX,CV,SA,11
P4MM,RW,IM,CP,NA,11
P4S4,RW,IM,CP,SA,11
P4XK,RW,IM,CV,NA,11
P552,RW,IM,CV,SA,11
P5AI,RW,EX,CP,NA,11
P5FY,RW,EX,CP,SA,11
P5LG,RW,EX,CV,NA,11
P5QW,RW,EX,CV,SA,11
P235,WW,IM,CP,NA,11.01
P28L,WW,IM,CP,SA,11.01
P2E3,WW,IM,CV,NA,11.01
P2JJ,WW,IM,CV,SA,11.01
P2OZ,WW,EX,CP,NA,11.01
P2UH,WW,EX,CP,SA,11.01
P2ZX,WW,EX,CV,NA,11.01
P37F,WW,EX,CV,SA,11.01
P3CV,EU,IM,CP,NA,11.01
P3ID,EU,IM,CP,SA,11.01
P3NT,EU,IM,CV,NA,11.01
P3TB,EU,IM,CV,SA,11.01
P3YR,EU,EX,CP,NA,11.01
P469,EU,EX,CP,SA,11.01
P4BP,EU,EX,CV,NA,11.01
P4H7,EU,EX,CV,SA,11.01
P4MN,RW,IM,CP,NA,11.01
P4S5,RW,IM,CP,SA,11.01
P4XL,RW,IM,CV,NA,11.01
P553,RW,IM,CV,SA,11.01
P5AJ,RW,EX,CP,NA,11.01
P5FZ,RW,EX,CP,SA,11.01
P5LH,RW,EX,CV,NA,11.01
P5QX,RW,EX,CV,SA,11.01
P236,WW,IM,CP,NA,11.02
P28M,WW,IM,CP,SA,11.02
P2E4,WW,IM,CV,NA,11.02
P2JK,WW,IM,CV,SA,11.02
P2P2,WW,EX,CP,NA,11.02
P2UI,WW,EX,CP,SA,11.02
P2ZY,WW,EX,CV,NA,11.02
P37G,WW,EX,CV,SA,11.02
P3CW,EU,IM,CP,NA,11.02
P3IE,EU,IM,CP,SA,11.02
P3NU,EU,IM,CV,NA,11.02
P3TC,EU,IM,CV,SA,11.02
P3YS,EU,EX,CP,NA,11.02
P46A,EU,EX,CP,SA,11.02
P4BQ,EU,EX,CV,NA,11.02
P4H8,EU,EX,CV,SA,11.02
P4MO,RW,IM,CP,NA,11.02
P4S6,RW,IM,CP,SA,11.02
P4XM,RW,IM,CV,NA,11.02
P554,RW,IM,CV,SA,11.02
P5AK,RW,EX,CP,NA,11.02
P5G2,RW,EX,CP,SA,11.02
P5LI,RW,EX,CV,NA,11.02
P5QY,RW,EX,CV,SA,11.02
P237,WW,IM,CP,NA,11.03
P28N,WW,IM,CP,SA,11.03
P2E5,WW,IM,CV,NA,11.03
P2JL,WW,IM,CV,SA,11.03
P2P3,WW,EX,CP,NA,11.03
P2UJ,WW,EX,CP,SA,11.03
P2ZZ,WW,EX,CV,NA,11.03
P37H,WW,EX,CV,SA,11.03
P3CX,EU,IM,CP,NA,11.03
P3IF,EU,IM,CP,SA,11.03
P3NV,EU,IM,CV,NA,11.03
P3TD,EU,IM,CV,SA,11.03
P3YT,EU,EX,CP,NA,11.03
P46B,EU,EX,CP,SA,11.03
P4BR,EU,EX,CV,NA,11.03
P4H9,EU,EX,CV,SA,11.03
P4MP,RW,IM,CP,NA,11.03
P4S7,RW,IM,CP,SA,11.03
P4XN,RW,IM,CV,NA,11.03
P555,RW,IM,CV,SA,11.03
P5AL,RW,EX,CP,NA,11.03
P5G3,RW,EX,CP,SA,11.03
P5LJ,RW,EX,CV,NA,11.03
P5QZ,RW,EX,CV,SA,11.03
P238,WW,IM,CP,NA,11.04
P28O,WW,IM,CP,SA,11.04
P2E6,WW,IM,CV,NA,11.04
P2JM,WW,IM,CV,SA,11.04
P2P4,WW,EX,CP,NA,11.04
P2UK,WW,EX,CP,SA,11.04
P322,WW,EX,CV,NA,11.04
P37I,WW,EX,CV,SA,11.04
P3CY,EU,IM,CP,NA,11.04
P3IG,EU,IM,CP,SA,11.04
P3NW,EU,IM,CV,NA,11.04
P3TE,EU,IM,CV,SA,11.04
P3YU,EU,EX,CP,NA,11.04
P46C,EU,EX,CP,SA,11.04
P4BS,EU,EX,CV,NA,11.04
P4HA,EU,EX,CV,SA,11.04
P4MQ,RW,IM,CP,NA,11.04
P4S8,RW,IM,CP,SA,11.04
P4XO,RW,IM,CV,NA,11.04
P556,RW,IM,CV,SA,11.04
P5AM,RW,EX,CP,NA,11.04
P5G4,RW,EX,CP,SA,11.04
P5LK,RW,EX,CV,NA,11.04
P5R2,RW,EX,CV,SA,11.04
P239,WW,IM,CP,NA,11.05
P28P,WW,IM,CP,SA,11.05
P2E7,WW,IM,CV,NA,11.05
P2JN,WW,IM,CV,SA,11.05
P2P5,WW,EX,CP,NA,11.05
P2UL,WW,EX,CP,SA,11.05
P323,WW,EX,CV,NA,11.05
P37J,WW,EX,CV,SA,11.05
P3CZ,EU,IM,CP,NA,11.05
P3IH,EU,IM,CP,SA,11.05
P3NX,EU,IM,CV,NA,11.05
P3TF,EU,IM,CV,SA,11.05
P3YV,EU,EX,CP,NA,11.05
P46D,EU,EX,CP,SA,11.05
P4BT,EU,EX,CV,NA,11.05
P4HB,EU,EX,CV,SA,11.05
P4MR,RW,IM,CP,NA,11.05
P4S9,RW,IM,CP,SA,11.05
P4XP,RW,IM,CV,NA,11.05
P557,RW,IM,CV,SA,11.05
P5AN,RW,EX,CP,NA,11.05
P5G5,RW,EX,CP,SA,11.05
P5LL,RW,EX,CV,NA,11.05
P5R3,RW,EX,CV,SA,11.05
P23A,WW,IM,CP,NA,11.06
P28Q,WW,IM,CP,SA,11.06
P2E8,WW,IM,CV,NA,11.06
P2JO,WW,IM,CV,SA,11.06
P2P6,WW,EX,CP,NA,11.06
P2UM,WW,EX,CP,SA,11.06
P324,WW,EX,CV,NA,11.06
P37K,WW,EX,CV,SA,11.06
P3D2,EU,IM,CP,NA,11.06
P3II,EU,IM,CP,SA,11.06
P3NY,EU,IM,CV,NA,11.06
P3TG,EU,IM,CV,SA,11.06
P3YW,EU,EX,CP,NA,11.06
P46E,EU,EX,CP,SA,11.06
P4BU,EU,EX,CV,NA,11.06
P4HC,EU,EX,CV,SA,11.06
P4MS,RW,IM,CP,NA,11.06
P4SA,RW,IM,CP,SA,11.06
P4XQ,RW,IM,CV,NA,11.06
P558,RW,IM,CV,SA,11.06
P5AO,RW,EX,CP,NA,11.06
P5G6,RW,EX,CP,SA,11.06
P5LM,RW,EX,CV,NA,11.06
P5R4,RW,EX,CV,SA,11.06
P23B,WW,IM,CP,NA,11.07
P28R,WW,IM,CP,SA,11.07
P2E9,WW,IM,CV,NA,11.07
P2JP,WW,IM,CV,SA,11.07
P2P7,WW,EX,CP,NA,11.07
P2UN,WW,EX,CP,SA,11.07
P325,WW,EX,CV,NA,11.07
P37L,WW,EX,CV,SA,11.07
P3D3,EU,IM,CP,NA,11.07
P3IJ,EU,IM,CP,SA,11.07
P3NZ,EU,IM,CV,NA,11.07
P3TH,EU,IM,CV,SA,11.07
P3YX,EU,EX,CP,NA,11.07
P46F,EU,EX,CP,SA,11.07
P4BV,EU,EX,CV,NA,11.07
P4HD,EU,EX,CV,SA,11.07
P4MT,RW,IM,CP,NA,11.07
P4SB,RW,IM,CP,SA,11.07
P4XR,RW,IM,CV,NA,11.07
P559,RW,IM,CV,SA,11.07
P5AP,RW,EX,CP,NA,11.07
P5G7,RW,EX,CP,SA,11.07
P5LN,RW,EX,CV,NA,11.07
P5R5,RW,EX,CV,SA,11.07
P23C,WW,IM,CP,NA,12
P28S,WW,IM,CP,SA,12
P2EA,WW,IM,CV,NA,12
P2JQ,WW,IM,CV,SA,12
P2P8,WW,EX,CP,NA,12
P2UO,WW,EX,CP,SA,12
P326,WW,EX,CV,NA,12
P37M,WW,EX,CV,SA,12
P3D4,EU,IM,CP,NA,12
P3IK,EU,IM,CP,SA,12
P3O2,EU,IM,CV,NA,12
P3TI,EU,IM,CV,SA,12
P3YY,EU,EX,CP,NA,12
P46G,EU,EX,CP,SA,12
P4BW,EU,EX,CV,NA,12
P4HE,EU,EX,CV,SA,12
P4MU,RW,IM,CP,NA,12
P4SC,RW,IM,CP,SA,12
P4XS,RW,IM,CV,NA,12
P55A,RW,IM,CV,SA,12
P5AQ,RW,EX,CP,NA,12
P5G8,RW,EX,CP,SA,12
P5LO,RW,EX,CV,NA,12
P5R6,RW,EX,CV,SA,12
P23D,WW,IM,CP,NA,12.0
P28T,WW,IM,CP,SA,12.0
P2EB,WW,IM,CV,NA,12.0
P2JR,WW,IM,CV,SA,12.0
P2P9,WW,EX,CP,NA,12.0
P2UP,WW,EX,CP,SA,12.0
P327,WW,EX,CV,NA,12.0
P37N,WW,EX,CV,SA,12.0
P3D5,EU,IM,CP,NA,12.0
P3IL,EU,IM,CP,SA,12.0
P3O3,EU,IM,CV,NA,12.0
P3TJ,EU,IM,CV,SA,12.0
P3YZ,EU,EX,CP,NA,12.0
P46H,EU,EX,CP,SA,12.0
P4BX,EU,EX,CV,NA,12.0
P4HF,EU,EX,CV,SA,12.0
P4MV,RW,IM,CP,NA,12.0
P4SD,RW,IM,CP,SA,12.0
P4XT,RW,IM,CV,NA,12.0
P55B,RW,IM,CV,SA,12.0
P5AR,RW,EX,CP,NA,12.0
P5G9,RW,EX,CP,SA,12.0
P5LP,RW,EX,CV,NA,12.0
P5R7,RW,EX,CV,SA,12.0
P23E,WW,IM,CP,NA,13
P28U,WW,IM,CP,SA,13
P2EC,WW,IM,CV,NA,13
P2JS,WW,IM,CV,SA,13
P2PA,WW,EX,CP,NA,13
P2UQ,WW,EX,CP,SA,13
P328,WW,EX,CV,NA,13
P37O,WW,EX,CV,SA,13
P3D6,EU,IM,CP,NA,13
P3IM,EU,IM,CP,SA,13
P3O4,EU,IM,CV,NA,13
P3TK,EU,IM,CV,SA,13
P3Z2,EU,EX,CP,NA,13
P46I,EU,EX,CP,SA,13
P4BY,EU,EX,CV,NA,13
P4HG,EU,EX,CV,SA,13
P4MW,RW,IM,CP,NA,13
P4SE,RW,IM,CP,SA,13
P4XU,RW,IM,CV,NA,13
P55C,RW,IM,CV,SA,13
P5AS,RW,EX,CP,NA,13
P5GA,RW,EX,CP,SA,13
P5LQ,RW,EX,CV,NA,13
P5R8,RW,EX,CV,SA,13
P23F,WW,IM,CP,NA,13.1
P28V,WW,IM,CP,SA,13.1
P2ED,WW,IM,CV,NA,13.1
P2JT,WW,IM,CV,SA,13.1
P2PB,WW,EX,CP,NA,13.1
P2UR,WW,EX,CP,SA,13.1
P329,WW,EX,CV,NA,13.1
P37P,WW,EX,CV,SA,13.1
P3D7,EU,IM,CP,NA,13.1
P3IN,EU,IM,CP,SA,13.1
P3O5,EU,IM,CV,NA,13.1
P3TL,EU,IM,CV,SA,13.1
P3Z3,EU,EX,CP,NA,13.1
P46J,EU,EX,CP,SA,13.1
P4BZ,EU,EX,CV,NA,13.1
P4HH,EU,EX,CV,SA,13.1
P4MX,RW,IM,CP,NA,13.1
P4SF,RW,IM,CP,SA,13.1
P4XV,RW,IM,CV,NA,13.1
P55D,RW,IM,CV,SA,13.1
P5AT,RW,EX,CP,NA,13.1
P5GB,RW,EX,CP,SA,13.1
P5LR,RW,EX,CV,NA,13.1
P5R9,RW,EX,CV,SA,13.1
P23G,WW,IM,CP,NA,13.2
P28W,WW,IM,CP,SA,13.2
P2EE,WW,IM,CV,NA,13.2
P2JU,WW,IM,CV,SA,13.2
P2PC,WW,EX,CP,NA,13.2
P2US,WW,EX,CP,SA,13.2
P32A,WW,EX,CV,NA,13.2
P37Q,WW,EX,CV,SA,13.2
P3D8,EU,IM,CP,NA,13.2
P3IO,EU,IM,CP,SA,13.2
P3O6,EU,IM,CV,NA,13.2
P3TM,EU,IM,CV,SA,13.2
P3Z4,EU,EX,CP,NA,13.2
P46K,EU,EX,CP,SA,13.2
P4C2,EU,EX,CV,NA,13.2
P4HI,EU,EX,CV,SA,13.2
P4MY,RW,IM,CP,NA,13.2
P4SG,RW,IM,CP,SA,13.2
P4XW,RW,IM,CV,NA,13.2
P55E,RW,IM,CV,SA,13.2
P5AU,RW,EX,CP,NA,13.2
P5GC,RW,EX,CP,SA,13.2
P5LS,RW,EX,CV,NA,13.2
P5RA,RW,EX,CV,SA,13.2
P23H,WW,IM,CP,NA,13.9
P28X,WW,IM,CP,SA,13.9
P2EF,WW,IM,CV,NA,13.9
P2JV,WW,IM,CV,SA,13.9
P2PD,WW,EX,CP,NA,13.9
P2UT,WW,EX,CP,SA,13.9
P32B,WW,EX,CV,NA,13.9
P37R,WW,EX,CV,SA,13.9
P3D9,EU,IM,CP,NA,13.9
P3IP,EU,IM,CP,SA,13.9
P3O7,EU,IM,CV,NA,13.9
P3TN,EU,IM,CV,SA,13.9
P3Z5,EU,EX,CP,NA,13.9
P46L,EU,EX,CP,SA,13.9
P4C3,EU,EX,CV,NA,13.9
P4HJ,EU,EX,CV,SA,13.9
P4MZ,RW,IM,CP,NA,13.9
P4SH,RW,IM,CP,SA,13.9
P4XX,RW,IM,CV,NA,13.9
P55F,RW,IM,CV,SA,13.9
P5AV,RW,EX,CP,NA,13.9
P5GD,RW,EX,CP,SA,13.9
P5LT,RW,EX,CV,NA,13.9
P5RB,RW,EX,CV,SA,13.9
P23I,WW,IM,CP,NA,14
P28Y,WW,IM,CP,SA,14
P2EG,WW,IM,CV,NA,14
P2JW,WW,IM,CV,SA,14
P2PE,WW,EX,CP,NA,14
P2UU,WW,EX,CP,SA,14
P32C,WW,EX,CV,NA,14
P37S,WW,EX,CV,SA,14
P3DA,EU,IM,CP,NA,14
P3IQ,EU,IM,CP,SA,14
P3O8,EU,IM,CV,NA,14
P3TO,EU,IM,CV,SA,14
P3Z6,EU,EX,CP,NA,14
P46M,EU,EX,CP,SA,14
P4C4,EU,EX,CV,NA,14
P4HK,EU,EX,CV,SA,14
P4N2,RW,IM,CP,NA,14
P4SI,RW,IM,CP,SA,14
P4XY,RW,IM,CV,NA,14
P55G,RW,IM,CV,SA,14
P5AW,RW,EX,CP,NA,14
P5GE,RW,EX,CP,SA,14
P5LU,RW,EX,CV,NA,14
P5RC,RW,EX,CV,SA,14
P23J,WW,IM,CP,NA,14.1
P28Z,WW,IM,CP,SA,14.1
P2EH,WW,IM,CV,NA,14.1
P2JX,WW,IM,CV,SA,14.1
P2PF,WW,EX,CP,NA,14.1
P2UV,WW,EX,CP,SA,14.1
P32D,WW,EX,CV,NA,14.1
P37T,WW,EX,CV,SA,14.1
P3DB,EU,IM,CP,NA,14.1
P3IR,EU,IM,CP,SA,14.1
P3O9,EU,IM,CV,NA,14.1
P3TP,EU,IM,CV,SA,14.1
P3Z7,EU,EX,CP,NA,14.1
P46N,EU,EX,CP,SA,14.1
P4C5,EU,EX,CV,NA,14.1
P4HL,EU,EX,CV,SA,14.1
P4N3,RW,IM,CP,NA,14.1
P4SJ,RW,IM,CP,SA,14.1
P4XZ,RW,IM,CV,NA,14.1
P55H,RW,IM,CV,SA,14.1
P5AX,RW,EX,CP,NA,14.1
P5GF,RW,EX,CP,SA,14.1
P5LV,RW,EX,CV,NA,14.1
P5RD,RW,EX,CV,SA,14.1
P23K,WW,IM,CP,NA,14.2
P292,WW,IM,CP,SA,14.2
P2EI,WW,IM,CV,NA,14.2
P2JY,WW,IM,CV,SA,14.2
P2PG,WW,EX,CP,NA,14.2
P2UW,WW,EX,CP,SA,14.2
P32E,WW,EX,CV,NA,14.2
P37U,WW,EX,CV,SA,14.2
P3DC,EU,IM,CP,NA,14.2
P3IS,EU,IM,CP,SA,14.2
P3OA,EU,IM,CV,NA,14.2
P3TQ,EU,IM,CV,SA,14.2
P3Z8,EU,EX,CP,NA,14.2
P46O,EU,EX,CP,SA,14.2
P4C6,EU,EX,CV,NA,14.2
P4HM,EU,EX,CV,SA,14.2
P4N4,RW,IM,CP,NA,14.2
P4SK,RW,IM,CP,SA,14.2
P4Y2,RW,IM,CV,NA,14.2
P55I,RW,IM,CV,SA,14.2
P5AY,RW,EX,CP,NA,14.2
P5GG,RW,EX,CP,SA,14.2
P5LW,RW,EX,CV,NA,14.2
P5RE,RW,EX,CV,SA,14.2
P23L,WW,IM,CP,NA,14.3
P293,WW,IM,CP,SA,14.3
P2EJ,WW,IM,CV,NA,14.3
P2JZ,WW,IM,CV,SA,14.3
P2PH,WW,EX,CP,NA,14.3
P2UX,WW,EX,CP,SA,14.3
P32F,WW,EX,CV,NA,14.3
P37V,WW,EX,CV,SA,14.3
P3DD,EU,IM,CP,NA,14.3
P3IT,EU,IM,CP,SA,14.3
P3OB,EU,IM,CV,NA,14.3
P3TR,EU,IM,CV,SA,14.3
P3Z9,EU,EX,CP,NA,14.3
P46P,EU,EX,CP,SA,14.3
P4C7,EU,EX,CV,NA,14.3
P4HN,EU,EX,CV,SA,14.3
P4N5,RW,IM,CP,NA,14.3
P4SL,RW,IM,CP,SA,14.3
P4Y3,RW,IM,CV,NA,14.3
P55J,RW,IM,CV,SA,14.3
P5AZ,RW,EX,CP,NA,14.3
P5GH,RW,EX,CP,SA,14.3
P5LX,RW,EX,CV,NA,14.3
P5RF,RW,EX,CV,SA,14.3
P23M,WW,IM,CP,NA,15
P294,WW,IM,CP,SA,15
P2EK,WW,IM,CV,NA,15
P2K2,WW,IM,CV,SA,15
P2PI,WW,EX,CP,NA,15
P2UY,WW,EX,CP,SA,15
P32G,WW,EX,CV,NA,15
P37W,WW,EX,CV,SA,15
P3DE,EU,IM,CP,NA,15
P3IU,EU,IM,CP,SA,15
P3OC,EU,IM,CV,NA,15
P3TS,EU,IM,CV,SA,15
P3ZA,EU,EX,CP,NA,15
P46Q,EU,EX,CP,SA,15
P4C8,EU,EX,CV,NA,15
P4HO,EU,EX,CV,SA,15
P4N6,RW,IM,CP,NA,15
P4SM,RW,IM,CP,SA,15
P4Y4,RW,IM,CV,NA,15
P55K,RW,IM,CV,SA,15
P5B2,RW,EX,CP,NA,15
P5GI,RW,EX,CP,SA,15
P5LY,RW,EX,CV,NA,15
P5RG,RW,EX,CV,SA,15
P23N,WW,IM,CP,NA,15.1
P295,WW,IM,CP,SA,15.1
P2EL,WW,IM,CV,NA,15.1
P2K3,WW,IM,CV,SA,15.1
P2PJ,WW,EX,CP,NA,15.1
P2UZ,WW,EX,CP,SA,15.1
P32H,WW,EX,CV,NA,15.1
P37X,WW,EX,CV,SA,15.1
P3DF,EU,IM,CP,NA,15.1
P3IV,EU,IM,CP,SA,15.1
P3OD,EU,IM,CV,NA,15.1
P3TT,EU,IM,CV,SA,15.1
P3ZB,EU,EX,CP,NA,15.1
P46R,EU,EX,CP,SA,15.1
P4C9,EU,EX,CV,NA,15.1
P4HP,EU,EX,CV,SA,15.1
P4N7,RW,IM,CP,NA,15.1
P4SN,RW,IM,CP,SA,15.1
P4Y5,RW,IM,CV,NA,15.1
P55L,RW,IM,CV,SA,15.1
P5B3,RW,EX,CP,NA,15.1
P5GJ,RW,EX,CP,SA,15.1
P5LZ,RW,EX,CV,NA,15.1
P5RH,RW,EX,CV,SA,15.1
P23O,WW,IM,CP,NA,15.2
P296,WW,IM,CP,SA,15.2
P2EM,WW,IM,CV,NA,15.2
P2K4,WW,IM,CV,SA,15.2
P2PK,WW,EX,CP,NA,15.2
P2V2,WW,EX,CP,SA,15.2
P32I,WW,EX,CV,NA,15.2
P37Y,WW,EX,CV,SA,15.2
P3DG,EU,IM,CP,NA,15.2
P3IW,EU,IM,CP,SA,15.2
P3OE,EU,IM,CV,NA,15.2
P3TU,EU,IM,CV,SA,15.2
P3ZC,EU,EX,CP,NA,15.2
P46S,EU,EX,CP,SA,15.2
P4CA,EU,EX,CV,NA,15.2
P4HQ,EU,EX,CV,SA,15.2
P4N8,RW,IM,CP,NA,15.2
P4SO,RW,IM,CP,SA,15.2
P4Y6,RW,IM,CV,NA,15.2
P55M,RW,IM,CV,SA,15.2
P5B4,RW,EX,CP,NA,15.2
P5GK,RW,EX,CP,SA,15.2
P5M2,RW,EX,CV,NA,15.2
P5RI,RW,EX,CV,SA,15.2
P23P,WW,IM,CP,NA,16
P297,WW,IM,CP,SA,16
P2EN,WW,IM,CV,NA,16
P2K5,WW,IM,CV,SA,16
P2PL,WW,EX,CP,NA,16
P2V3,WW,EX,CP,SA,16
P32J,WW,EX,CV,NA,16
P37Z,WW,EX,CV,SA,16
P3DH,EU,IM,CP,NA,16
P3IX,EU,IM,CP,SA,16
P3OF,EU,IM,CV,NA,16
P3TV,EU,IM,CV,SA,16
P3ZD,EU,EX,CP,NA,16
P46T,EU,EX,CP,SA,16
P4CB,EU,EX,CV,NA,16
P4HR,EU,EX,CV,SA,16
P4N9,RW,IM,CP,NA,16
P4SP,RW,IM,CP,SA,16
P4Y7,RW,IM,CV,NA,16
P55N,RW,IM,CV,SA,16
P5B5,RW,EX,CP,NA,16
P5GL,RW,EX,CP,SA,16
P5M3,RW,EX,CV,NA,16
P5RJ,RW,EX,CV,SA,16
P23Q,WW,IM,CP,NA,16.1
P298,WW,IM,CP,SA,16.1
P2EO,WW,IM,CV,NA,16.1
P2K6,WW,IM,CV,SA,16.1
P2PM,WW,EX,CP,NA,16.1
P2V4,WW,EX,CP,SA,16.1
P32K,WW,EX,CV,NA,16.1
P382,WW,EX,CV,SA,16.1
P3DI,EU,IM,CP,NA,16.1
P3IY,EU,IM,CP,SA,16.1
P3OG,EU,IM,CV,NA,16.1
P3TW,EU,IM,CV,SA,16.1
P3ZE,EU,EX,CP,NA,16.1
P46U,EU,EX,CP,SA,16.1
P4CC,EU,EX,CV,NA,16.1
P4HS,EU,EX,CV,SA,16.1
P4NA,RW,IM,CP,NA,16.1
P4SQ,RW,IM,CP,SA,16.1
P4Y8,RW,IM,CV,NA,16.1
P55O,RW,IM,CV,SA,16.1
P5B6,RW,EX,CP,NA,16.1
P5GM,RW,EX,CP,SA,16.1
P5M4,RW,EX,CV,NA,16.1
P5RK,RW,EX,CV,SA,16.1
P23R,WW,IM,CP,NA,16.2
P299,WW,IM,CP,SA,16.2
P2EP,WW,IM,CV,NA,16.2
P2K7,WW,IM,CV,SA,16.2
P2PN,WW,EX,CP,NA,16.2
P2V5,WW,EX,CP,SA,16.2
P32L,WW,EX,CV,NA,16.2
P383,WW,EX,CV,SA,16.2
P3DJ,EU,IM,CP,NA,16.2
P3IZ,EU,IM,CP,SA,16.2
P3OH,EU,IM,CV,NA,16.2
P3TX,EU,IM,CV,SA,16.2
P3ZF,EU,EX,CP,NA,16.2
P46V,EU,EX,CP,SA,16.2
P4CD,EU,EX,CV,NA,16.2
P4HT,EU,EX,CV,SA,16.2
P4NB,RW,IM,CP,NA,16.2
P4SR,RW,IM,CP,SA,16.2
P4Y9,RW,IM,CV,NA,16.2
P55P,RW,IM,CV,SA,16.2
P5B7,RW,EX,CP,NA,16.2
P5GN,RW,EX,CP,SA,16.2
P5M5,RW,EX,CV,NA,16.2
P5RL,RW,EX,CV,SA,16.2
P23S,WW,IM,CP,NA,17
P29A,WW,IM,CP,SA,17
P2EQ,WW,IM,CV,NA,17
P2K8,WW,IM,CV,SA,17
P2PO,WW,EX,CP,NA,17
P2V6,WW,EX,CP,SA,17
P32M,WW,EX,CV,NA,17
P384,WW,EX,CV,SA,17
P3DK,EU,IM,CP,NA,17
P3J2,EU,IM,CP,SA,17
P3OI,EU,IM,CV,NA,17
P3TY,EU,IM,CV,SA,17
P3ZG,EU,EX,CP,NA,17
P46W,EU,EX,CP,SA,17
P4CE,EU,EX,CV,NA,17
P4HU,EU,EX,CV,SA,17
P4NC,RW,IM,CP,NA,17
P4SS,RW,IM,CP,SA,17
P4YA,RW,IM,CV,NA,17
P55Q,RW,IM,CV,SA,17
P5B8,RW,EX,CP,NA,17
P5GO,RW,EX,CP,SA,17
P5M6,RW,EX,CV,NA,17
P5RM,RW,EX,CV,SA,17
P23T,WW,IM,CP,NA,17.1
P29B,WW,IM,CP,SA,17.1
P2ER,WW,IM,CV,NA,17.1
P2K9,WW,IM,CV,SA,17.1
P2PP,WW,EX,CP,NA,17.1
P2V7,WW,EX,CP,SA,17.1
P32N,WW,EX,CV,NA,17.1
P385,WW,EX,CV,SA,17.1
P3DL,EU,IM,CP,NA,17.1
P3J3,EU,IM,CP,SA,17.1
P3OJ,EU,IM,CV,NA,17.1
P3TZ,EU,IM,CV,SA,17.1
P3ZH,EU,EX,CP,NA,17.1
P46X,EU,EX,CP,SA,17.1
P4CF,EU,EX,CV,NA,17.1
P4HV,EU,EX,CV,SA,17.1
P4ND,RW,IM,CP,NA,17.1
P4ST,RW,IM,CP,SA,17.1
P4YB,RW,IM,CV,NA,17.1
P55R,RW,IM,CV,SA,17.1
P5B9,RW,EX,CP,NA,17.1
P5GP,RW,EX,CP,SA,17.1
P5M7,RW,EX,CV,NA,17.1
P5RN,RW,EX,CV,SA,17.1
P23U,WW,IM,CP,NA,17.2
P29C,WW,IM,CP,SA,17.2
P2ES,WW,IM,CV,NA,17.2
P2KA,WW,IM,CV,SA,17.2
P2PQ,WW,EX,CP,NA,17.2
P2V8,WW,EX,CP,SA,17.2
P32O,WW,EX,CV,NA,17.2
P386,WW,EX,CV,SA,17.2
P3DM,EU,IM,CP,NA,17.2
P3J4,EU,IM,CP,SA,17.2
P3OK,EU,IM,CV,NA,17.2
P3U2,EU,IM,CV,SA,17.2
P3ZI,EU,EX,CP,NA,17.2
P46Y,EU,EX,CP,SA,17.2
P4CG,EU,EX,CV,NA,17.2
P4HW,EU,EX,CV,SA,17.2
P4NE,RW,IM,CP,NA,17.2
P4SU,RW,IM,CP,SA,17.2
P4YC,RW,IM,CV,NA,17.2
P55S,RW,IM,CV,SA,17.2
P5BA,RW,EX,CP,NA,17.2
P5GQ,RW,EX,CP,SA,17.2
P5M8,RW,EX,CV,NA,17.2
P5RO,RW,EX,CV,SA,17.2
P23V,WW,IM,CP,NA,18
P29D,WW,IM,CP,SA,18
P2ET,WW,IM,CV,NA,18
P2KB,WW,IM,CV,SA,18
P2PR,WW,EX,CP,NA,18
P2V9,WW,EX,CP,SA,18
P32P,WW,EX,CV,NA,18
P387,WW,EX,CV,SA,18
P3DN,EU,IM,CP,NA,18
P3J5,EU,IM,CP,SA,18
P3OL,EU,IM,CV,NA,18
P3U3,EU,IM,CV,SA,18
P3ZJ,EU,EX,CP,NA,18
P46Z,EU,EX,CP,SA,18
P4CH,EU,EX,CV,NA,18
P4HX,EU,EX,CV,SA,18
P4NF,RW,IM,CP,NA,18
P4SV,RW,IM,CP,SA,18
P4YD,RW,IM,CV,NA,18
P55T,RW,IM,CV,SA,18
P5BB,RW,EX,CP,NA,18
P5GR,RW,EX,CP,SA,18
P5M9,RW,EX,CV,NA,18
P5RP,RW,EX,CV,SA,18
P23W,WW,IM,CP,NA,18.1
P29E,WW,IM,CP,SA,18.1
P2EU,WW,IM,CV,NA,18.1
P2KC,WW,IM,CV,SA,18.1
P2PS,WW,EX,CP,NA,18.1
P2VA,WW,EX,CP,SA,18.1
P32Q,WW,EX,CV,NA,18.1
P388,WW,EX,CV,SA,18.1
P3DO,EU,IM,CP,NA,18.1
P3J6,EU,IM,CP,SA,18.1
P3OM,EU,IM,CV,NA,18.1
P3U4,EU,IM,CV,SA,18.1
P3ZK,EU,EX,CP,NA,18.1
P472,EU,EX,CP,SA,18.1
P4CI,EU,EX,CV,NA,18.1
P4HY,EU,EX,CV,SA,18.1
P4NG,RW,IM,CP,NA,18.1
P4SW,RW,IM,CP,SA,18.1
P4YE,RW,IM,CV,NA,18.1
P55U,RW,IM,CV,SA,18.1
P5BC,RW,EX,CP,NA,18.1
P5GS,RW,EX,CP,SA,18.1
P5MA,RW,EX,CV,NA,18.1
P5RQ,RW,EX,CV,SA,18.1
P23X,WW,IM,CP,NA,19
P29F,WW,IM,CP,SA,19
P2EV,WW,IM,CV,NA,19
P2KD,WW,IM,CV,SA,19
P2PT,WW,EX,CP,NA,19
P2VB,WW,EX,CP,SA,19
P32R,WW,EX,CV,NA,19
P389,WW,EX,CV,SA,19
P3DP,EU,IM,CP,NA,19
P3J7,EU,IM,CP,SA,19
P3ON,EU,IM,CV,NA,19
P3U5,EU,IM,CV,SA,19
P3ZL,EU,EX,CP,NA,19
P473,EU,EX,CP,SA,19
P4CJ,EU,EX,CV,NA,19
P4HZ,EU,EX,CV,SA,19
P4NH,RW,IM,CP,NA,19
P4SX,RW,IM,CP,SA,19
P4YF,RW,IM,CV,NA,19
P55V,RW,IM,CV,SA,19
P5BD,RW,EX,CP,NA,19
P5GT,RW,EX,CP,SA,19
P5MB,RW,EX,CV,NA,19
P5RR,RW,EX,CV,SA,19
P23Y,WW,IM,CP,NA,19.1
P29G,WW,IM,CP,SA,19.1
P2EW,WW,IM,CV,NA,19.1
P2KE,WW,IM,CV,SA,19.1
P2PU,WW,EX,CP,NA,19.1
P2VC,WW,EX,CP,SA,19.1
P32S,WW,EX,CV,NA,19.1
P38A,WW,EX,CV,SA,19.1
P3DQ,EU,IM,CP,NA,19.1
P3J8,EU,IM,CP,SA,19.1
P3OO,EU,IM,CV,NA,19.1
P3U6,EU,IM,CV,SA,19.1
P3ZM,EU,EX,CP,NA,19.1
P474,EU,EX,CP,SA,19.1
P4CK,EU,EX,CV,NA,19.1
P4I2,EU,EX,CV,SA,19.1
P4NI,RW,IM,CP,NA,19.1
P4SY,RW,IM,CP,SA,19.1
P4YG,RW,IM,CV,NA,19.1
P55W,RW,IM,CV,SA,19.1
P5BE,RW,EX,CP,NA,19.1
P5GU,RW,EX,CP,SA,19.1
P5MC,RW,EX,CV,NA,19.1
P5RS,RW,EX,CV,SA,19.1
P23Z,WW,IM,CP,NA,19.2
P29H,WW,IM,CP,SA,19.2
P2EX,WW,IM,CV,NA,19.2
P2KF,WW,IM,CV,SA,19.2
P2PV,WW,EX,CP,NA,19.2
P2VD,WW,EX,CP,SA,19.2
P32T,WW,EX,CV,NA,19.2
P38B,WW,EX,CV,SA,19.2
P3DR,EU,IM,CP,NA,19.2
P3J9,EU,IM,CP,SA,19.2
P3OP,EU,IM,CV,NA,19.2
P3U7,EU,IM,CV,SA,19.2
P3ZN,EU,EX,CP,NA,19.2
P475,EU,EX,CP,SA,19.2
P4CL,EU,EX,CV,NA,19.2
P4I3,EU,EX,CV,SA,19.2
P4NJ,RW,IM,CP,NA,19.2
P4SZ,RW,IM,CP,SA,19.2
P4YH,RW,IM,CV,NA,19.2
P55X,RW,IM,CV,SA,19.2
P5BF,RW,EX,CP,NA,19.2
P5GV,RW,EX,CP,SA,19.2
P5MD,RW,EX,CV,NA,19.2
P5RT,RW,EX,CV,SA,19.2
P242,WW,IM,CP,NA,20
P29I,WW,IM,CP,SA,20
P2EY,WW,IM,CV,NA,20
P2KG,WW,IM,CV,SA,20
P2PW,WW,EX,CP,NA,20
P2VE,WW,EX,CP,SA,20
P32U,WW,EX,CV,NA,20
P38C,WW,EX,CV,SA,20
P3DS,EU,IM,CP,NA,20
P3JA,EU,IM,CP,SA,20
P3OQ,EU,IM,CV,NA,20
P3U8,EU,IM,CV,SA,20
P3ZO,EU,EX,CP,NA,20
P476,EU,EX,CP,SA,20
P4CM,EU,EX,CV,NA,20
P4I4,EU,EX,CV,SA,20
P4NK,RW,IM,CP,NA,20
P4T2,RW,IM,CP,SA,20
P4YI,RW,IM,CV,NA,20
P55Y,RW,IM,CV,SA,20
P5BG,RW,EX,CP,NA,20
P5GW,RW,EX,CP,SA,20
P5ME,RW,EX,CV,NA,20
P5RU,RW,EX,CV,SA,20
P24A,WW,IM,CP,NA,20.1
P2F8,WW,IM,CV,NA,20.1
P38K,WW,EX,CV,SA,20.1
P3E2,EU,IM,CP,NA,20.1
P3JI,EU,IM,CP,SA,20.1
P3OY,EU,IM,CV,NA,20.1
P3ZW,EU,EX,CP,NA,20.1
P47E,EU,EX,CP,SA,20.1
P4CU,EU,EX,CV,NA,20.1
P4NS,RW,IM,CP,NA,20.1
P4TA,RW,IM,CP,SA,20.1
P568,RW,IM,CV,SA,20.1
P5BO,RW,EX,CP,NA,20.1
P5H6,RW,EX,CP,SA,20.1
P5MM,RW,EX,CV,NA,20.1
P243,WW,IM,CP,NA,20.11
P29J,WW,IM,CP,SA,20.11
P2EZ,WW,IM,CV,NA,20.11
P2KH,WW,IM,CV,SA,20.11
P2PX,WW,EX,CP,NA,20.11
P2VF,WW,EX,CP,SA,20.11
P32V,WW,EX,CV,NA,20.11
P38D,WW,EX,CV,SA,20.11
P3DT,EU,IM,CP,NA,20.11
P3JB,EU,IM,CP,SA,20.11
P3OR,EU,IM,CV,NA,20.11
P3U9,EU,IM,CV,SA,20.11
P3ZP,EU,EX,CP,NA,20.11
P477,EU,EX,CP,SA,20.11
P4CN,EU,EX,CV,NA,20.11
P4I5,EU,EX,CV,SA,20.11
P4NL,RW,IM,CP,NA,20.11
P4T3,RW,IM,CP,SA,20.11
P4YJ,RW,IM,CV,NA,20.11
P55Z,RW,IM,CV,SA,20.11
P5BH,RW,EX,CP,NA,20.11
P5GX,RW,EX,CP,SA,20.11
P5MF,RW,EX,CV,NA,20.11
P5RV,RW,EX,CV,SA,20.11
P244,WW,IM,CP,NA,20.12
P29K,WW,IM,CP,SA,20.12
P2F2,WW,IM,CV,NA,20.12
P2KI,WW,IM,CV,SA,20.12
P2PY,WW,EX,CP,NA,20.12
P2VG,WW,EX,CP,SA,20.12
P32W,WW,EX,CV,NA,20.12
P38E,WW,EX,CV,SA,20.12
P3DU,EU,IM,CP,NA,20.12
P3JC,EU,IM,CP,SA,20.12
P3OS,EU,IM,CV,NA,20.12
P3UA,EU,IM,CV,SA,20.12
P3ZQ,EU,EX,CP,NA,20.12
P478,EU,EX,CP,SA,20.12
P4CO,EU,EX,CV,NA,20.12
P4I6,EU,EX,CV,SA,20.12
P4NM,RW,IM,CP,NA,20.12
P4T4,RW,IM,CP,SA,20.12
P4YK,RW,IM,CV,NA,20.12
P562,RW,IM,CV,SA,20.12
P5BI,RW,EX,CP,NA,20.12
P5GY,RW,EX,CP,SA,20.12
P5MG,RW,EX,CV,NA,20.12
P5RW,RW,EX,CV,SA,20.12
P245,WW,IM,CP,NA,20.13
P29L,WW,IM,CP,SA,20.13
P2F3,WW,IM,CV,NA,20.13
P2KJ,WW,IM,CV,SA,20.13
P2PZ,WW,EX,CP,NA,20.13
P2VH,WW,EX,CP,SA,20.13
P32X,WW,EX,CV,NA,20.13
P38F,WW,EX,CV,SA,20.13
P3DV,EU,IM,CP,NA,20.13
P3JD,EU,IM,CP,SA,20.13
P3OT,EU,IM,CV,NA,20.13
P3UB,EU,IM,CV,SA,20.13
P3ZR,EU,EX,CP,NA,20.13
P479,EU,EX,CP,SA,20.13
P4CP,EU,EX,CV,NA,20.13
P4I7,EU,EX,CV,SA,20.13
P4NN,RW,IM,CP,NA,20.13
P4T5,RW,IM,CP,SA,20.13
P4YL,RW,IM,CV,NA,20.13
P563,RW,IM,CV,SA,20.13
P5BJ,RW,EX,CP,NA,20.13
P5GZ,RW,EX,CP,SA,20.13
P5MH,RW,EX,CV,NA,20.13
P5RX,RW,EX,CV,SA,20.13
P247,WW,IM,CP,NA,20.14
P29N,WW,IM,CP,SA,20.14
P2F5,WW,IM,CV,NA,20.14
P2KL,WW,IM,CV,SA,20.14
P2Q3,WW,EX,CP,NA,20.14
P2VJ,WW,EX,CP,SA,20.14
P32Z,WW,EX,CV,NA,20.14
P38H,WW,EX,CV,SA,20.14
P3DX,EU,IM,CP,NA,20.14
P3JF,EU,IM,CP,SA,20.14
P3OV,EU,IM,CV,NA,20.14
P3UD,EU,IM,CV,SA,20.14
P3ZT,EU,EX,CP,NA,20.14
P47B,EU,EX,CP,SA,20.14
P4CR,EU,EX,CV,NA,20.14
P4I9,EU,EX,CV,SA,20.14
P4NP,RW,IM,CP,NA,20.14
P4T7,RW,IM,CP,SA,20.14
P4YN,RW,IM,CV,NA,20.14
P565,RW,IM,CV,SA,20.14
P5BL,RW,EX,CP,NA,20.14
P5H3,RW,EX,CP,SA,20.14
P5MJ,RW,EX,CV,NA,20.14
P5RZ,RW,EX,CV,SA,20.14
P246,WW,IM,CP,NA,20.15
P29M,WW,IM,CP,SA,20.15
P2F4,WW,IM,CV,NA,20.15
P2KK,WW,IM,CV,SA,20.15
P2Q2,WW,EX,CP,NA,20.15
P2VI,WW,EX,CP,SA,20.15
P32Y,WW,EX,CV,NA,20.15
P38G,WW,EX,CV,SA,20.15
P3DW,EU,IM,CP,NA,20.15
P3JE,EU,IM,CP,SA,20.15
P3OU,EU,IM,CV,NA,20.15
P3UC,EU,IM,CV,SA,20.15
P3ZS,EU,EX,CP,NA,20.15
P47A,EU,EX,CP,SA,20.15
P4CQ,EU,EX,CV,NA,20.15
P4I8,EU,EX,CV,SA,20.15
P4NO,RW,IM,CP,NA,20.15
P4T6,RW,IM,CP,SA,20.15
P4YM,RW,IM,CV,NA,20.15
P564,RW,IM,CV,SA,20.15
P5BK,RW,EX,CP,NA,20.15
P5H2,RW,EX,CP,SA,20.15
P5MI,RW,EX,CV,NA,20.15
P5RY,RW,EX,CV,SA,20.15
P248,WW,IM,CP,NA,20.16
P29O,WW,IM,CP,SA,20.16
P2F6,WW,IM,CV,NA,20.16
P2KM,WW,IM,CV,SA,20.16
P2Q4,WW,EX,CP,NA,20.16
P2VK,WW,EX,CP,SA,20.16
P332,WW,EX,CV,NA,20.16
P38I,WW,EX,CV,SA,20.16
P3DY,EU,IM,CP,NA,20.16
P3JG,EU,IM,CP,SA,20.16
P3OW,EU,IM,CV,NA,20.16
P3UE,EU,IM,CV,SA,20.16
P3ZU,EU,EX,CP,NA,20.16
P47C,EU,EX,CP,SA,20.16
P4CS,EU,EX,CV,NA,20.16
P4IA,EU,EX,CV,SA,20.16
P4NQ,RW,IM,CP,NA,20.16
P4T8,RW,IM,CP,SA,20.16
P566,RW,IM,CV,SA,20.16
P5BM,RW,EX,CP,NA,20.16
P5H4,RW,EX,CP,SA,20.16
P5MK,RW,EX,CV,NA,20.16
P5S2,RW,EX,CV,SA,20.16
P249,WW,IM,CP,NA,20.17
P29P,WW,IM,CP,SA,20.17
P2F7,WW,IM,CV,NA,20.17
P2KN,WW,IM,CV,SA,20.17
P2Q5,WW,EX,CP,NA,20.17
P2VL,WW,EX,CP,SA,20.17
P333,WW,EX,CV,NA,20.17
P38J,WW,EX,CV,SA,20.17
P3DZ,EU,IM,CP,NA,20.17
P3JH,EU,IM,CP,SA,20.17
P3OX,EU,IM,CV,NA,20.17
P3UF,EU,IM,CV,SA,20.17
P3ZV,EU,EX,CP,NA,20.17
P47D,EU,EX,CP,SA,20.17
P4CT,EU,EX,CV,NA,20.17
P4IB,EU,EX,CV,SA,20.17
P4NR,RW,IM,CP,NA,20.17
P4T9,RW,IM,CP,SA,20.17
P4YP,RW,IM,CV,NA,20.17
P567,RW,IM,CV,SA,20.17
P5BN,RW,EX,CP,NA,20.17
P5H5,RW,EX,CP,SA,20.17
P5ML,RW,EX,CV,NA,20.17
P5S3,RW,EX,CV,SA,20.17
P24B,WW,IM,CP,NA,20.2
P29R,WW,IM,CP,SA,20.2
P2F9,WW,IM,CV,NA,20.2
P2KP,WW,IM,CV,SA,20.2
P2Q7,WW,EX,CP,NA,20.2
P2VN,WW,EX,CP,SA,20.2
P335,WW,EX,CV,NA,20.2
P38L,WW,EX,CV,SA,20.2
P3E3,EU,IM,CP,NA,20.2
P3JJ,EU,IM,CP,SA,20.2
P3OZ,EU,IM,CV,NA,20.2
P3UH,EU,IM,CV,SA,20.2
P3ZX,EU,EX,CP,NA,20.2
P47F,EU,EX,CP,SA,20.2
P4CV,EU,EX,CV,NA,20.2
P4ID,EU,EX,CV,SA,20.2
P4NT,RW,IM,CP,NA,20.2
P4TB,RW,IM,CP,SA,20.2
P4YR,RW,IM,CV,NA,20.2
P569,RW,IM,CV,SA,20.2
P5BP,RW,EX,CP,NA,20.2
P5H7,RW,EX,CP,SA,20.2
P5MN,RW,EX,CV,NA,20.2
P5S5,RW,EX,CV,SA,20.2
P24C,WW,IM,CP,NA,20.3
P29S,WW,IM,CP,SA,20.3
P2FA,WW,IM,CV,NA,20.3
P2KQ,WW,IM,CV,SA,20.3
P2Q8,WW,EX,CP,NA,20.3
P2VO,WW,EX,CP,SA,20.3
P336,WW,EX,CV,NA,20.3
P38M,WW,EX,CV,SA,20.3
P3E4,EU,IM,CP,NA,20.3
P3JK,EU,IM,CP,SA,20.3
P3P2,EU,IM,CV,NA,20.3
P3UI,EU,IM,CV,SA,20.3
P3ZY,EU,EX,CP,NA,20.3
P47G,EU,EX,CP,SA,20.3
P4CW,EU,EX,CV,NA,20.3
P4IE,EU,EX,CV,SA,20.3
P4NU,RW,IM,CP,NA,20.3
P4TC,RW,IM,CP,SA,20.3
P4YS,RW,IM,CV,NA,20.3
P56A,RW,IM,CV,SA,20.3
P5BQ,RW,EX,CP,NA,20.3
P5H8,RW,EX,CP,SA,20.3
P5MO,RW,EX,CV,NA,20.3
P5S6,RW,EX,CV,SA,20.3
P24D,WW,IM,CP,NA,20.4
P29T,WW,IM,CP,SA,20.4
P2FB,WW,IM,CV,NA,20.4
P2KR,WW,IM,CV,SA,20.4
P2Q9,WW,EX,CP,NA,20.4
P2VP,WW,EX,CP,SA,20.4
P337,WW,EX,CV,NA,20.4
P38N,WW,EX,CV,SA,20.4
P3E5,EU,IM,CP,NA,20.4
P3JL,EU,IM,CP,SA,20.4
P3P3,EU,IM,CV,NA,20.4
P3UJ,EU,IM,CV,SA,20.4
P3ZZ,EU,EX,CP,NA,20.4
P47H,EU,EX,CP,SA,20.4
P4CX,EU,EX,CV,NA,20.4
P4IF,EU,EX,CV,SA,20.4
P4NV,RW,IM,CP,NA,20.4
P4TD,RW,IM,CP,SA,20.4
P4YT,RW,IM,CV,NA,20.4
P56B,RW,IM,CV,SA,20.4
P5BR,RW,EX,CP,NA,20.4
P5H9,RW,EX,CP,SA,20.4
P5MP,RW,EX,CV,NA,20.4
P5S7,RW,EX,CV,SA,20.4
P24E,WW,IM,CP,NA,20.5
P29U,WW,IM,CP,SA,20.5
P2FC,WW,IM,CV,NA,20.5
P2KS,WW,IM,CV,SA,20.5
P2QA,WW,EX,CP,NA,20.5
P2VQ,WW,EX,CP,SA,20.5
P338,WW,EX,CV,NA,20.5
P38O,WW,EX,CV,SA,20.5
P3E6,EU,IM,CP,NA,20.5
P3JM,EU,IM,CP,SA,20.5
P3P4,EU,IM,CV,NA,20.5
P3UK,EU,IM,CV,SA,20.5
P422,EU,EX,CP,NA,20.5
P47I,EU,EX,CP,SA,20.5
P4CY,EU,EX,CV,NA,20.5
P4IG,EU,EX,CV,SA,20.5
P4NW,RW,IM,CP,NA,20.5
P4TE,RW,IM,CP,SA,20.5
P4YU,RW,IM,CV,NA,20.5
P56C,RW,IM,CV,SA,20.5
P5BS,RW,EX,CP,NA,20.5
P5HA,RW,EX,CP,SA,20.5
P5MQ,RW,EX,CV,NA,20.5
P5S8,RW,EX,CV,SA,20.5
P24F,WW,IM,CP,NA,20.6
P29V,WW,IM,CP,SA,20.6
P2FD,WW,IM,CV,NA,20.6
P2KT,WW,IM,CV,SA,20.6
P2QB,WW,EX,CP,NA,20.6
P2VR,WW,EX,CP,SA,20.6
P339,WW,EX,CV,NA,20.6
P38P,WW,EX,CV,SA,20.6
P3E7,EU,IM,CP,NA,20.6
P3JN,EU,IM,CP,SA,20.6
P3P5,EU,IM,CV,NA,20.6
P3UL,EU,IM,CV,SA,20.6
P423,EU,EX,CP,NA,20.6
P47J,EU,EX,CP,SA,20.6
P4CZ,EU,EX,CV,NA,20.6
P4IH,EU,EX,CV,SA,20.6
P4NX,RW,IM,CP,NA,20.6
P4TF,RW,IM,CP,SA,20.6
P4YV,RW,IM,CV,NA,20.6
P56D,RW,IM,CV,SA,20.6
P5BT,RW,EX,CP,NA,20.6
P5HB,RW,EX,CP,SA,20.6
P5MR,RW,EX,CV,NA,20.6
P5S9,RW,EX,CV,SA,20.6
P24G,WW,IM,CP,NA,21
P29W,WW,IM,CP,SA,21
P2FE,WW,IM,CV,NA,21
P2KU,WW,IM,CV,SA,21
P2QC,WW,EX,CP,NA,21
P2VS,WW,EX,CP,SA,21
P33A,WW,EX,CV,NA,21
P38Q,WW,EX,CV,SA,21
P3E8,EU,IM,CP,NA,21
P3JO,EU,IM,CP,SA,21
P3P6,EU,IM,CV,NA,21
P3UM,EU,IM,CV,SA,21
P424,EU,EX,CP,NA,21
P47K,EU,EX,CP,SA,21
P4D2,EU,EX,CV,NA,21
P4II,EU,EX,CV,SA,21
P4NY,RW,IM,CP,NA,21
P4TG,RW,IM,CP,SA,21
P4YW,RW,IM,CV,NA,21
P56E,RW,IM,CV,SA,21
P5BU,RW,EX,CP,NA,21
P5HC,RW,EX,CP,SA,21
P5MS,RW,EX,CV,NA,21
P5SA,RW,EX,CV,SA,21
P24H,WW,IM,CP,NA,21.1
P29X,WW,IM,CP,SA,21.1
P2FF,WW,IM,CV,NA,21.1
P2KV,WW,IM,CV,SA,21.1
P2QD,WW,EX,CP,NA,21.1
P2VT,WW,EX,CP,SA,21.1
P33B,WW,EX,CV,NA,21.1
P38R,WW,EX,CV,SA,21.1
P3E9,EU,IM,CP,NA,21.1
P3JP,EU,IM,CP,SA,21.1
P3P7,EU,IM,CV,NA,21.1
P3UN,EU,IM,CV,SA,21.1
P425,EU,EX,CP,NA,21.1
P47L,EU,EX,CP,SA,21.1
P4D3,EU,EX,CV,NA,21.1
P4IJ,EU,EX,CV,SA,21.1
P4NZ,RW,IM,CP,NA,21.1
P4TH,RW,IM,CP,SA,21.1
P4YX,RW,IM,CV,NA,21.1
P56F,RW,IM,CV,SA,21.1
P5BV,RW,EX,CP,NA,21.1
P5HD,RW,EX,CP,SA,21.1
P5MT,RW,EX,CV,NA,21.1
P5SB,RW,EX,CV,SA,21.1
P24I,WW,IM,CP,NA,21.2
P29Y,WW,IM,CP,SA,21.2
P2FG,WW,IM,CV,NA,21.2
P2KW,WW,IM,CV,SA,21.2
P2QE,WW,EX,CP,NA,21.2
P2VU,WW,EX,CP,SA,21.2
P33C,WW,EX,CV,NA,21.2
P38S,WW,EX,CV,SA,21.2
P3EA,EU,IM,CP,NA,21.2
P3JQ,EU,IM,CP,SA,21.2
P3P8,EU,IM,CV,NA,21.2
P3UO,EU,IM,CV,SA,21.2
P426,EU,EX,CP,NA,21.2
P47M,EU,EX,CP,SA,21.2
P4D4,EU,EX,CV,NA,21.2
P4IK,EU,EX,CV,SA,21.2
P4O2,RW,IM,CP,NA,21.2
P4TI,RW,IM,CP,SA,21.2
P4YY,RW,IM,CV,NA,21.2
P56G,RW,IM,CV,SA,21.2
P5BW,RW,EX,CP,NA,21.2
P5HE,RW,EX,CP,SA,21.2
P5MU,RW,EX,CV,NA,21.2
P5SC,RW,EX,CV,SA,21.2
P24J,WW,IM,CP,NA,22
P29Z,WW,IM,CP,SA,22
P2FH,WW,IM,CV,NA,22
P2KX,WW,IM,CV,SA,22
P2QF,WW,EX,CP,NA,22
P2VV,WW,EX,CP,SA,22
P33D,WW,EX,CV,NA,22
P38T,WW,EX,CV,SA,22
P3EB,EU,IM,CP,NA,22
P3JR,EU,IM,CP,SA,22
P3P9,EU,IM,CV,NA,22
P3UP,EU,IM,CV,SA,22
P427,EU,EX,CP,NA,22
P47N,EU,EX,CP,SA,22
P4D5,EU,EX,CV,NA,22
P4IL,EU,EX,CV,SA,22
P4O3,RW,IM,CP,NA,22
P4TJ,RW,IM,CP,SA,22
P4YZ,RW,IM,CV,NA,22
P56H,RW,IM,CV,SA,22
P5BX,RW,EX,CP,NA,22
P5HF,RW,EX,CP,SA,22
P5MV,RW,EX,CV,NA,22
P5SD,RW,EX,CV,SA,22
P24K,WW,IM,CP,NA,22.1
P2A2,WW,IM,CP,SA,22.1
P2FI,WW,IM,CV,NA,22.1
P2KY,WW,IM,CV,SA,22.1
P2QG,WW,EX,CP,NA,22.1
P2VW,WW,EX,CP,SA,22.1
P33E,WW,EX,CV,NA,22.1
P38U,WW,EX,CV,SA,22.1
P3EC,EU,IM,CP,NA,22.1
P3JS,EU,IM,CP,SA,22.1
P3PA,EU,IM,CV,NA,22.1
P3UQ,EU,IM,CV,SA,22.1
P428,EU,EX,CP,NA,22.1
P47O,EU,EX,CP,SA,22.1
P4D6,EU,EX,CV,NA,22.1
P4IM,EU,EX,CV,SA,22.1
P4O4,RW,IM,CP,NA,22.1
P4TK,RW,IM,CP,SA,22.1
P4Z2,RW,IM,CV,NA,22.1
P56I,RW,IM,CV,SA,22.1
P5BY,RW,EX,CP,NA,22.1
P5HG,RW,EX,CP,SA,22.1
P5MW,RW,EX,CV,NA,22.1
P5SE,RW,EX,CV,SA,22.1
P24L,WW,IM,CP,NA,22.2
P2A3,WW,IM,CP,SA,22.2
P2FJ,WW,IM,CV,NA,22.2
P2KZ,WW,IM,CV,SA,22.2
P2QH,WW,EX,CP,NA,22.2
P2VX,WW,EX,CP,SA,22.2
P33F,WW,EX,CV,NA,22.2
P38V,WW,EX,CV,SA,22.2
P3ED,EU,IM,CP,NA,22.2
P3JT,EU,IM,CP,SA,22.2
P3PB,EU,IM,CV,NA,22.2
P3UR,EU,IM,CV,SA,22.2
P429,EU,EX,CP,NA,22.2
P47P,EU,EX,CP,SA,22.2
P4D7,EU,EX,CV,NA,22.2
P4IN,EU,EX,CV,SA,22.2
P4O5,RW,IM,CP,NA,22.2
P4TL,RW,IM,CP,SA,22.2
P4Z3,RW,IM,CV,NA,22.2
P56J,RW,IM,CV,SA,22.2
P5BZ,RW,EX,CP,NA,22.2
P5HH,RW,EX,CP,SA,22.2
P5MX,RW,EX,CV,NA,22.2
P5SF,RW,EX,CV,SA,22.2
P24M,WW,IM,CP,NA,23
P2A4,WW,IM,CP,SA,23
P2L2,WW,IM,CV,SA,23
P2QI,WW,EX,CP,NA,23
P2VY,WW,EX,CP,SA,23
P33G,WW,EX,CV,NA,23
P38W,WW,EX,CV,SA,23
P3EE,EU,IM,CP,NA,23
P3JU,EU,IM,CP,SA,23
P3PC,EU,IM,CV,NA,23
P3US,EU,IM,CV,SA,23
P42A,EU,EX,CP,NA,23
P47Q,EU,EX,CP,SA,23
P4D8,EU,EX,CV,NA,23
P4IO,EU,EX,CV,SA,23
P4O6,RW,IM,CP,NA,23
P4TM,RW,IM,CP,SA,23
P4Z4,RW,IM,CV,NA,23
P56K,RW,IM,CV,SA,23
P5C2,RW,EX,CP,NA,23
P5HI,RW,EX,CP,SA,23
P5MY,RW,EX,CV,NA,23
P5SG,RW,EX,CV,SA,23
P24N,WW,IM,CP,NA,23.1
P2A5,WW,IM,CP,SA,23.1
P2FL,WW,IM,CV,NA,23.1
P2L3,WW,IM,CV,SA,23.1
P2QJ,WW,EX,CP,NA,23.1
P2VZ,WW,EX,CP,SA,23.1
P33H,WW,EX,CV,NA,23.1
P38X,WW,EX,CV,SA,23.1
P3EF,EU,IM,CP,NA,23.1
P3JV,EU,IM,CP,SA,23.1
P3PD,EU,IM,CV,NA,23.1
P3UT,EU,IM,CV,SA,23.1
P42B,EU,EX,CP,NA,23.1
P47R,EU,EX,CP,SA,23.1
P4D9,EU,EX,CV,NA,23.1
P4IP,EU,EX,CV,SA,23.1
P4O7,RW,IM,CP,NA,23.1
P4TN,RW,IM,CP,SA,23.1
P4Z5,RW,IM,CV,NA,23.1
P56L,RW,IM,CV,SA,23.1
P5C3,RW,EX,CP,NA,23.1
P5HJ,RW,EX,CP,SA,23.1
P5MZ,RW,EX,CV,NA,23.1
P5SH,RW,EX,CV,SA,23.1
P24O,WW,IM,CP,NA,23.2
P2A6,WW,IM,CP,SA,23.2
P2FM,WW,IM,CV,NA,23.2
P2L4,WW,IM,CV,SA,23.2
P2QK,WW,EX,CP,NA,23.2
P2W2,WW,EX,CP,SA,23.2
P33I,WW,EX,CV,NA,23.2
P38Y,WW,EX,CV,SA,23.2
P3EG,EU,IM,CP,NA,23.2
P3JW,EU,IM,CP,SA,23.2
P3PE,EU,IM,CV,NA,23.2
P3UU,EU,IM,CV,SA,23.2
P42C,EU,EX,CP,NA,23.2
P47S,EU,EX,CP,SA,23.2
P4DA,EU,EX,CV,NA,23.2
P4IQ,EU,EX,CV,SA,23.2
P4O8,RW,IM,CP,NA,23.2
P4TO,RW,IM,CP,SA,23.2
P4Z6,RW,IM,CV,NA,23.2
P56M,RW,IM,CV,SA,23.2
P5C4,RW,EX,CP,NA,23.2
P5HK,RW,EX,CP,SA,23.2
P5N2,RW,EX,CV,NA,23.2
P5SI,RW,EX,CV,SA,23.2
P24P,WW,IM,CP,NA,23.3
P2A7,WW,IM,CP,SA,23.3
P2FN,WW,IM,CV,NA,23.3
P2L5,WW,IM,CV,SA,23.3
P2QL,WW,EX,CP,NA,23.3
P2W3,WW,EX,CP,SA,23.3
P33J,WW,EX,CV,NA,23.3
P38Z,WW,EX,CV,SA,23.3
P3EH,EU,IM,CP,NA,23.3
P3JX,EU,IM,CP,SA,23.3
P3PF,EU,IM,CV,NA,23.3
P3UV,EU,IM,CV,SA,23.3
P42D,EU,EX,CP,NA,23.3
P47T,EU,EX,CP,SA,23.3
P4DB,EU,EX,CV,NA,23.3
P4IR,EU,EX,CV,SA,23.3
P4O9,RW,IM,CP,NA,23.3
P4TP,RW,IM,CP,SA,23.3
P4Z7,RW,IM,CV,NA,23.3
P56N,RW,IM,CV,SA,23.3
P5C5,RW,EX,CP,NA,23.3
P5HL,RW,EX,CP,SA,23.3
P5N3,RW,EX,CV,NA,23.3
P5SJ,RW,EX,CV,SA,23.3
P24Q,WW,IM,CP,NA,23.4
P2A8,WW,IM,CP,SA,23.4
P2FO,WW,IM,CV,NA,23.4
P2L6,WW,IM,CV,SA,23.4
P2QM,WW,EX,CP,NA,23.4
P2W4,WW,EX,CP,SA,23.4
P33K,WW,EX,CV,NA,23.4
P392,WW,EX,CV,SA,23.4
P3EI,EU,IM,CP,NA,23.4
P3JY,EU,IM,CP,SA,23.4
P3PG,EU,IM,CV,NA,23.4
P3UW,EU,IM,CV,SA,23.4
P42E,EU,EX,CP,NA,23.4
P47U,EU,EX,CP,SA,23.4
P4DC,EU,EX,CV,NA,23.4
P4IS,EU,EX,CV,SA,23.4
P4OA,RW,IM,CP,NA,23.4
P4TQ,RW,IM,CP,SA,23.4
P4Z8,RW,IM,CV,NA,23.4
P56O,RW,IM,CV,SA,23.4
P5C6,RW,EX,CP,NA,23.4
P5HM,RW,EX,CP,SA,23.4
P5N4,RW,EX,CV,NA,23.4
P5SK,RW,EX,CV,SA,23.4
P24R,WW,IM,CP,NA,23.5
P2A9,WW,IM,CP,SA,23.5
P2FP,WW,IM,CV,NA,23.5
P2L7,WW,IM,CV,SA,23.5
P2QN,WW,EX,CP,NA,23.5
P2W5,WW,EX,CP,SA,23.5
P33L,WW,EX,CV,NA,23.5
P393,WW,EX,CV,SA,23.5
P3EJ,EU,IM,CP,NA,23.5
P3JZ,EU,IM,CP,SA,23.5
P3PH,EU,IM,CV,NA,23.5
P3UX,EU,IM,CV,SA,23.5
P42F,EU,EX,CP,NA,23.5
P47V,EU,EX,CP,SA,23.5
P4DD,EU,EX,CV,NA,23.5
P4IT,EU,EX,CV,SA,23.5
P4OB,RW,IM,CP,NA,23.5
P4TR,RW,IM,CP,SA,23.5
P4Z9,RW,IM,CV,NA,23.5
P56P,RW,IM,CV,SA,23.5
P5C7,RW,EX,CP,NA,23.5
P5HN,RW,EX,CP,SA,23.5
P5N5,RW,EX,CV,NA,23.5
P5SL,RW,EX,CV,SA,23.5
P24S,WW,IM,CP,NA,23.6
P2AA,WW,IM,CP,SA,23.6
P2FQ,WW,IM,CV,NA,23.6
P2L8,WW,IM,CV,SA,23.6
P2QO,WW,EX,CP,NA,23.6
P2W6,WW,EX,CP,SA,23.6
P33M,WW,EX,CV,NA,23.6
P394,WW,EX,CV,SA,23.6
P3EK,EU,IM,CP,NA,23.6
P3K2,EU,IM,CP,SA,23.6
P3PI,EU,IM,CV,NA,23.6
P3UY,EU,IM,CV,SA,23.6
P42G,EU,EX,CP,NA,23.6
P47W,EU,EX,CP,SA,23.6
P4DE,EU,EX,CV,NA,23.6
P4IU,EU,EX,CV,SA,23.6
P4OC,RW,IM,CP,NA,23.6
P4TS,RW,IM,CP,SA,23.6
P4ZA,RW,IM,CV,NA,23.6
P56Q,RW,IM,CV,SA,23.6
P5C8,RW,EX,CP,NA,23.6
P5HO,RW,EX,CP,SA,23.6
P5N6,RW,EX,CV,NA,23.6
P5SM,RW,EX,CV,SA,23.6
P24T,WW,IM,CP,NA,23.7
P2AB,WW,IM,CP,SA,23.7
P2FR,WW,IM,CV,NA,23.7
P2L9,WW,IM,CV,SA,23.7
P2QP,WW,EX,CP,NA,23.7
P2W7,WW,EX,CP,SA,23.7
P33N,WW,EX,CV,NA,23.7
P395,WW,EX,CV,SA,23.7
P3EL,EU,IM,CP,NA,23.7
P3K3,EU,IM,CP,SA,23.7
P3PJ,EU,IM,CV,NA,23.7
P3UZ,EU,IM,CV,SA,23.7
P42H,EU,EX,CP,NA,23.7
P47X,EU,EX,CP,SA,23.7
P4DF,EU,EX,CV,NA,23.7
P4IV,EU,EX,CV,SA,23.7
P4OD,RW,IM,CP,NA,23.7
P4TT,RW,IM,CP,SA,23.7
P4ZB,RW,IM,CV,NA,23.7
P56R,RW,IM,CV,SA,23.7
P5C9,RW,EX,CP,NA,23.7
P5HP,RW,EX,CP,SA,23.7
P5N7,RW,EX,CV,NA,23.7
P5SN,RW,EX,CV,SA,23.7
P24U,WW,IM,CP,NA,23.9
P2AC,WW,IM,CP,SA,23.9
P2FS,WW,IM,CV,NA,23.9
P2LA,WW,IM,CV,SA,23.9
P2W8,WW,EX,CP,SA,23.9
P33O,WW,EX,CV,NA,23.9
P396,WW,EX,CV,SA,23.9
P3EM,EU,IM,CP,NA,23.9
P3K4,EU,IM,CP,SA,23.9
P3PK,EU,IM,CV,NA,23.9
P3V2,EU,IM,CV,SA,23.9
P42I,EU,EX,CP,NA,23.9
P47Y,EU,EX,CP,SA,23.9
P4DG,EU,EX,CV,NA,23.9
P4IW,EU,EX,CV,SA,23.9
P4OE,RW,IM,CP,NA,23.9
P4TU,RW,IM,CP,SA,23.9
P4ZC,RW,IM,CV,NA,23.9
P56S,RW,IM,CV,SA,23.9
P5CA,RW,EX,CP,NA,23.9
P5HQ,RW,EX,CP,SA,23.9
P5N8,RW,EX,CV,NA,23.9
P5SO,RW,EX,CV,SA,23.9
P24V,WW,IM,CP,NA,24
P2AD,WW,IM,CP,SA,24
P2FT,WW,IM,CV,NA,24
P2LB,WW,IM,CV,SA,24
P2QR,WW,EX,CP,NA,24
P2W9,WW,EX,CP,SA,24
P33P,WW,EX,CV,NA,24
P397,WW,EX,CV,SA,24
P3EN,EU,IM,CP,NA,24
P3K5,EU,IM,CP,SA,24
P3PL,EU,IM,CV,NA,24
P3V3,EU,IM,CV,SA,24
P42J,EU,EX,CP,NA,24
P47Z,EU,EX,CP,SA,24
P4DH,EU,EX,CV,NA,24
P4IX,EU,EX,CV,SA,24
P4OF,RW,IM,CP,NA,24
P4TV,RW,IM,CP,SA,24
P4ZD,RW,IM,CV,NA,24
P56T,RW,IM,CV,SA,24
P5CB,RW,EX,CP,NA,24
P5HR,RW,EX,CP,SA,24
P5N9,RW,EX,CV,NA,24
P5SP,RW,EX,CV,SA,24
P24W,WW,IM,CP,NA,24.1
P2AE,WW,IM,CP,SA,24.1
P2FU,WW,IM,CV,NA,24.1
P2LC,WW,IM,CV,SA,24.1
P2QS,WW,EX,CP,NA,24.1
P2WA,WW,EX,CP,SA,24.1
P33Q,WW,EX,CV,NA,24.1
P398,WW,EX,CV,SA,24.1
P3EO,EU,IM,CP,NA,24.1
P3K6,EU,IM,CP,SA,24.1
P3PM,EU,IM,CV,NA,24.1
P3V4,EU,IM,CV,SA,24.1
P42K,EU,EX,CP,NA,24.1
P482,EU,EX,CP,SA,24.1
P4DI,EU,EX,CV,NA,24.1
P4IY,EU,EX,CV,SA,24.1
P4OG,RW,IM,CP,NA,24.1
P4TW,RW,IM,CP,SA,24.1
P4ZE,RW,IM,CV,NA,24.1
P56U,RW,IM,CV,SA,24.1
P5CC,RW,EX,CP,NA,24.1
P5HS,RW,EX,CP,SA,24.1
P5NA,RW,EX,CV,NA,24.1
P5SQ,RW,EX,CV,SA,24.1
P24X,WW,IM,CP,NA,24.2
P2AF,WW,IM,CP,SA,24.2
P2FV,WW,IM,CV,NA,24.2
P2LD,WW,IM,CV,SA,24.2
P2WB,WW,EX,CP,SA,24.2
P33R,WW,EX,CV,NA,24.2
P399,WW,EX,CV,SA,24.2
P3EP,EU,IM,CP,NA,24.2
P3K7,EU,IM,CP,SA,24.2
P3PN,EU,IM,CV,NA,24.2
P3V5,EU,IM,CV,SA,24.2
P42L,EU,EX,CP,NA,24.2
P483,EU,EX,CP,SA,24.2
P4DJ,EU,EX,CV,NA,24.2
P4IZ,EU,EX,CV,SA,24.2
P4OH,RW,IM,CP,NA,24.2
P4TX,RW,IM,CP,SA,24.2
P4ZF,RW,IM,CV,NA,24.2
P56V,RW,IM,CV,SA,24.2
P5CD,RW,EX,CP,NA,24.2
P5HT,RW,EX,CP,SA,24.2
P5NB,RW,EX,CV,NA,24.2
P5SR,RW,EX,CV,SA,24.2
P24Y,WW,IM,CP,NA,24.3
P2AG,WW,IM,CP,SA,24.3
P2FW,WW,IM,CV,NA,24.3
P2LE,WW,IM,CV,SA,24.3
P2QU,WW,EX,CP,NA,24.3
P2WC,WW,EX,CP,SA,24.3
P33S,WW,EX,CV,NA,24.3
P39A,WW,EX,CV,SA,24.3
P3EQ,EU,IM,CP,NA,24.3
P3K8,EU,IM,CP,SA,24.3
P3PO,EU,IM,CV,NA,24.3
P3V6,EU,IM,CV,SA,24.3
P42M,EU,EX,CP,NA,24.3
P484,EU,EX,CP,SA,24.3
P4DK,EU,EX,CV,NA,24.3
P4J2,EU,EX,CV,SA,24.3
P4OI,RW,IM,CP,NA,24.3
P4TY,RW,IM,CP,SA,24.3
P4ZG,RW,IM,CV,NA,24.3
P56W,RW,IM,CV,SA,24.3
P5CE,RW,EX,CP,NA,24.3
P5HU,RW,EX,CP,SA,24.3
P5NC,RW,EX,CV,NA,24.3
P5SS,RW,EX,CV,SA,24.3
P24Z,WW,IM,CP,NA,24.4
P2AH,WW,IM,CP,SA,24.4
P2FX,WW,IM,CV,NA,24.4
P2LF,WW,IM,CV,SA,24.4
P2QV,WW,EX,CP,NA,24.4
P2WD,WW,EX,CP,SA,24.4
P33T,WW,EX,CV,NA,24.4
P39B,WW,EX,CV,SA,24.4
P3ER,EU,IM,CP,NA,24.4
P3K9,EU,IM,CP,SA,24.4
P3PP,EU,IM,CV,NA,24.4
P3V7,EU,IM,CV,SA,24.4
P42N,EU,EX,CP,NA,24.4
P485,EU,EX,CP,SA,24.4
P4DL,EU,EX,CV,NA,24.4
P4J3,EU,EX,CV,SA,24.4
P4OJ,RW,IM,CP,NA,24.4
P4TZ,RW,IM,CP,SA,24.4
P4ZH,RW,IM,CV,NA,24.4
P56X,RW,IM,CV,SA,24.4
P5CF,RW,EX,CP,NA,24.4
P5HV,RW,EX,CP,SA,24.4
P5ND,RW,EX,CV,NA,24.4
P5ST,RW,EX,CV,SA,24.4
P252,WW,IM,CP,NA,24.5
P2AI,WW,IM,CP,SA,24.5
P2FY,WW,IM,CV,NA,24.5
P2LG,WW,IM,CV,SA,24.5
P2QW,WW,EX,CP,NA,24.5
P2WE,WW,EX,CP,SA,24.5
P33U,WW,EX,CV,NA,24.5
P39C,WW,EX,CV,SA,24.5
P3ES,EU,IM,CP,NA,24.5
P3KA,EU,IM,CP,SA,24.5
P3PQ,EU,IM,CV,NA,24.5
P3V8,EU,IM,CV,SA,24.5
P42O,EU,EX,CP,NA,24.5
P486,EU,EX,CP,SA,24.5
P4DM,EU,EX,CV,NA,24.5
P4J4,EU,EX,CV,SA,24.5
P4OK,RW,IM,CP,NA,24.5
P4U2,RW,IM,CP,SA,24.5
P4ZI,RW,IM,CV,NA,24.5
P56Y,RW,IM,CV,SA,24.5
P5CG,RW,EX,CP,NA,24.5
P5HW,RW,EX,CP,SA,24.5
P5NE,RW,EX,CV,NA,24.5
P5SU,RW,EX,CV,SA,24.5
P253,WW,IM,CP,NA,25
P2AJ,WW,IM,CP,SA,25
P2FZ,WW,IM,CV,NA,25
P2LH,WW,IM,CV,SA,25
P2QX,WW,EX,CP,NA,25
P2WF,WW,EX,CP,SA,25
P33V,WW,EX,CV,NA,25
P39D,WW,EX,CV,SA,25
P3ET,EU,IM,CP,NA,25
P3KB,EU,IM,CP,SA,25
P3PR,EU,IM,CV,NA,25
P3V9,EU,IM,CV,SA,25
P42P,EU,EX,CP,NA,25
P487,EU,EX,CP,SA,25
P4DN,EU,EX,CV,NA,25
P4J5,EU,EX,CV,SA,25
P4OL,RW,IM,CP,NA,25
P4U3,RW,IM,CP,SA,25
P4ZJ,RW,IM,CV,NA,25
P56Z,RW,IM,CV,SA,25
P5CH,RW,EX,CP,NA,25
P5HX,RW,EX,CP,SA,25
P5NF,RW,EX,CV,NA,25
P5SV,RW,EX,CV,SA,25
P254,WW,IM,CP,NA,25.1
P2AK,WW,IM,CP,SA,25.1
P2G2,WW,IM,CV,NA,25.1
P2LI,WW,IM,CV,SA,25.1
P2QY,WW,EX,CP,NA,25.1
P2WG,WW,EX,CP,SA,25.1
P33W,WW,EX,CV,NA,25.1
P39E,WW,EX,CV,SA,25.1
P3EU,EU,IM,CP,NA,25.1
P3KC,EU,IM,CP,SA,25.1
P3PS,EU,IM,CV,NA,25.1
P3VA,EU,IM,CV,SA,25.1
P42Q,EU,EX,CP,NA,25.1
P488,EU,EX,CP,SA,25.1
P4DO,EU,EX,CV,NA,25.1
P4J6,EU,EX,CV,SA,25.1
P4OM,RW,IM,CP,NA,25.1
P4U4,RW,IM,CP,SA,25.1
P4ZK,RW,IM,CV,NA,25.1
P572,RW,IM,CV,SA,25.1
P5CI,RW,EX,CP,NA,25.1
P5HY,RW,EX,CP,SA,25.1
P5NG,RW,EX,CV,NA,25.1
P5SW,RW,EX,CV,SA,25.1
P255,WW,IM,CP,NA,25.2
P2AL,WW,IM,CP,SA,25.2
P2G3,WW,IM,CV,NA,25.2
P2LJ,WW,IM,CV,SA,25.2
P2QZ,WW,EX,CP,NA,25.2
P2WH,WW,EX,CP,SA,25.2
P33X,WW,EX,CV,NA,25.2
P39F,WW,EX,CV,SA,25.2
P3EV,EU,IM,CP,NA,25.2
P3KD,EU,IM,CP,SA,25.2
P3PT,EU,IM,CV,NA,25.2
P3VB,EU,IM,CV,SA,25.2
P42R,EU,EX,CP,NA,25.2
P489,EU,EX,CP,SA,25.2
P4DP,EU,EX,CV,NA,25.2
P4J7,EU,EX,CV,SA,25.2
P4ON,RW,IM,CP,NA,25.2
P4U5,RW,IM,CP,SA,25.2
P4ZL,RW,IM,CV,NA,25.2
P573,RW,IM,CV,SA,25.2
P5CJ,RW,EX,CP,NA,25.2
P5HZ,RW,EX,CP,SA,25.2
P5NH,RW,EX,CV,NA,25.2
P5SX,RW,EX,CV,SA,25.2
P256,WW,IM,CP,NA,25.3
P2AM,WW,IM,CP,SA,25.3
P2G4,WW,IM,CV,NA,25.3
P2LK,WW,IM,CV,SA,25.3
P2R2,WW,EX,CP,NA,25.3
P2WI,WW,EX,CP,SA,25.3
P33Y,WW,EX,CV,NA,25.3
P39G,WW,EX,CV,SA,25.3
P3EW,EU,IM,CP,NA,25.3
P3KE,EU,IM,CP,SA,25.3
P3PU,EU,IM,CV,NA,25.3
P3VC,EU,IM,CV,SA,25.3
P42S,EU,EX,CP,NA,25.3
P48A,EU,EX,CP,SA,25.3
P4DQ,EU,EX,CV,NA,25.3
P4J8,EU,EX,CV,SA,25.3
P4OO,RW,IM,CP,NA,25.3
P4U6,RW,IM,CP,SA,25.3
P4ZM,RW,IM,CV,NA,25.3
P574,RW,IM,CV,SA,25.3
P5CK,RW,EX,CP,NA,25.3
P5I2,RW,EX,CP,SA,25.3
P5NI,RW,EX,CV,NA,25.3
P5SY,RW,EX,CV,SA,25.3
P257,WW,IM,CP,NA,25.4
P2AN,WW,IM,CP,SA,25.4
P2G5,WW,IM,CV,NA,25.4
P2LL,WW,IM,CV,SA,25.4
P2R3,WW,EX,CP,NA,25.4
P2WJ,WW,EX,CP,SA,25.4
P33Z,WW,EX,CV,NA,25.4
P39H,WW,EX,CV,SA,25.4
P3EX,EU,IM,CP,NA,25.4
P3KF,EU,IM,CP,SA,25.4
P3PV,EU,IM,CV,NA,25.4
P3VD,EU,IM,CV,SA,25.4
P42T,EU,EX,CP,NA,25.4
P48B,EU,EX,CP,SA,25.4
P4DR,EU,EX,CV,NA,25.4
P4J9,EU,EX,CV,SA,25.4
P4OP,RW,IM,CP,NA,25.4
P4U7,RW,IM,CP,SA,25.4
P4ZN,RW,IM,CV,NA,25.4
P575,RW,IM,CV,SA,25.4
P5CL,RW,EX,CP,NA,25.4
P5I3,RW,EX,CP,SA,25.4
P5NJ,RW,EX,CV,NA,25.4
P5SZ,RW,EX,CV,SA,25.4
P258,WW,IM,CP,NA,25.7
P2AO,WW,IM,CP,SA,25.7
P2G6,WW,IM,CV,NA,25.7
P2LM,WW,IM,CV,SA,25.7
P2R4,WW,EX,CP,NA,25.7
P2WK,WW,EX,CP,SA,25.7
P342,WW,EX,CV,NA,25.7
P39I,WW,EX,CV,SA,25.7
P3EY,EU,IM,CP,NA,25.7
P3KG,EU,IM,CP,SA,25.7
P3PW,EU,IM,CV,NA,25.7
P3VE,EU,IM,CV,SA,25.7
P42U,EU,EX,CP,NA,25.7
P48C,EU,EX,CP,SA,25.7
P4DS,EU,EX,CV,NA,25.7
P4JA,EU,EX,CV,SA,25.7
P4OQ,RW,IM,CP,NA,25.7
P4U8,RW,IM,CP,SA,25.7
P4ZO,RW,IM,CV,NA,25.7
P576,RW,IM,CV,SA,25.7
P5CM,RW,EX,CP,NA,25.7
P5I4,RW,EX,CP,SA,25.7
P5NK,RW,EX,CV,NA,25.7
P5T2,RW,EX,CV,SA,25.7
P259,WW,IM,CP,NA,25.9
P2AP,WW,IM,CP,SA,25.9
P2G7,WW,IM,CV,NA,25.9
P2LN,WW,IM,CV,SA,25.9
P2R5,WW,EX,CP,NA,25.9
P2WL,WW,EX,CP,SA,25.9
P343,WW,EX,CV,NA,25.9
P39J,WW,EX,CV,SA,25.9
P3EZ,EU,IM,CP,NA,25.9
P3KH,EU,IM,CP,SA,25.9
P3PX,EU,IM,CV,NA,25.9
P3VF,EU,IM,CV,SA,25.9
P42V,EU,EX,CP,NA,25.9
P48D,EU,EX,CP,SA,25.9
P4DT,EU,EX,CV,NA,25.9
P4JB,EU,EX,CV,SA,25.9
P4OR,RW,IM,CP,NA,25.9
P4U9,RW,IM,CP,SA,25.9
P4ZP,RW,IM,CV,NA,25.9
P577,RW,IM,CV,SA,25.9
P5CN,RW,EX,CP,NA,25.9
P5I5,RW,EX,CP,SA,25.9
P5NL,RW,EX,CV,NA,25.9
P5T3,RW,EX,CV,SA,25.9
P25A,WW,IM,CP,NA,26
P2AQ,WW,IM,CP,SA,26
P2G8,WW,IM,CV,NA,26
P2LO,WW,IM,CV,SA,26
P2R6,WW,EX,CP,NA,26
P2WM,WW,EX,CP,SA,26
P344,WW,EX,CV,NA,26
P39K,WW,EX,CV,SA,26
P3F2,EU,IM,CP,NA,26
P3KI,EU,IM,CP,SA,26
P3PY,EU,IM,CV,NA,26
P3VG,EU,IM,CV,SA,26
P42W,EU,EX,CP,NA,26
P48E,EU,EX,CP,SA,26
P4DU,EU,EX,CV,NA,26
P4JC,EU,EX,CV,SA,26
P4OS,RW,IM,CP,NA,26
P4UA,RW,IM,CP,SA,26
P4ZQ,RW,IM,CV,NA,26
P578,RW,IM,CV,SA,26
P5CO,RW,EX,CP,NA,26
P5I6,RW,EX,CP,SA,26
P5NM,RW,EX,CV,NA,26
P5T4,RW,EX,CV,SA,26
P25B,WW,IM,CP,NA,26.1
P2AR,WW,IM,CP,SA,26.1
P2G9,WW,IM,CV,NA,26.1
P2LP,WW,IM,CV,SA,26.1
P2R7,WW,EX,CP,NA,26.1
P2WN,WW,EX,CP,SA,26.1
P345,WW,EX,CV,NA,26.1
P39L,WW,EX,CV,SA,26.1
P3F3,EU,IM,CP,NA,26.1
P3KJ,EU,IM,CP,SA,26.1
P3PZ,EU,IM,CV,NA,26.1
P3VH,EU,IM,CV,SA,26.1
P42X,EU,EX,CP,NA,26.1
P48F,EU,EX,CP,SA,26.1
P4DV,EU,EX,CV,NA,26.1
P4JD,EU,EX,CV,SA,26.1
P4OT,RW,IM,CP,NA,26.1
P4UB,RW,IM,CP,SA,26.1
P4ZR,RW,IM,CV,NA,26.1
P579,RW,IM,CV,SA,26.1
P5CP,RW,EX,CP,NA,26.1
P5I7,RW,EX,CP,SA,26.1
P5NN,RW,EX,CV,NA,26.1
P5T5,RW,EX,CV,SA,26.1
P25C,WW,IM,CP,NA,26.2
P2AS,WW,IM,CP,SA,26.2
P2GA,WW,IM,CV,NA,26.2
P2LQ,WW,IM,CV,SA,26.2
P2R8,WW,EX,CP,NA,26.2
P2WO,WW,EX,CP,SA,26.2
P346,WW,EX,CV,NA,26.2
P39M,WW,EX,CV,SA,26.2
P3F4,EU,IM,CP,NA,26.2
P3KK,EU,IM,CP,SA,26.2
P3Q2,EU,IM,CV,NA,26.2
P3VI,EU,IM,CV,SA,26.2
P42Y,EU,EX,CP,NA,26.2
P48G,EU,EX,CP,SA,26.2
P4DW,EU,EX,CV,NA,26.2
P4JE,EU,EX,CV,SA,26.2
P4OU,RW,IM,CP,NA,26.2
P4UC,RW,IM,CP,SA,26.2
P4ZS,RW,IM,CV,NA,26.2
P57A,RW,IM,CV,SA,26.2
P5CQ,RW,EX,CP,NA,26.2
P5I8,RW,EX,CP,SA,26.2
P5NO,RW,EX,CV,NA,26.2
P5T6,RW,EX,CV,SA,26.2
P25D,WW,IM,CP,NA,26.3
P2AT,WW,IM,CP,SA,26.3
P2GB,WW,IM,CV,NA,26.3
P2LR,WW,IM,CV,SA,26.3
P2R9,WW,EX,CP,NA,26.3
P2WP,WW,EX,CP,SA,26.3
P347,WW,EX,CV,NA,26.3
P39N,WW,EX,CV,SA,26.3
P3F5,EU,IM,CP,NA,26.3
P3KL,EU,IM,CP,SA,26.3
P3Q3,EU,IM,CV,NA,26.3
P3VJ,EU,IM,CV,SA,26.3
P42Z,EU,EX,CP,NA,26.3
P48H,EU,EX,CP,SA,26.3
P4DX,EU,EX,CV,NA,26.3
P4JF,EU,EX,CV,SA,26.3
P4OV,RW,IM,CP,NA,26.3
P4UD,RW,IM,CP,SA,26.3
P4ZT,RW,IM,CV,NA,26.3
P57B,RW,IM,CV,SA,26.3
P5CR,RW,EX,CP,NA,26.3
P5I9,RW,EX,CP,SA,26.3
P5NP,RW,EX,CV,NA,26.3
P5T7,RW,EX,CV,SA,26.3
P25E,WW,IM,CP,NA,26.4
P2AU,WW,IM,CP,SA,26.4
P2GC,WW,IM,CV,NA,26.4
P2LS,WW,IM,CV,SA,26.4
P2RA,WW,EX,CP,NA,26.4
P2WQ,WW,EX,CP,SA,26.4
P348,WW,EX,CV,NA,26.4
P39O,WW,EX,CV,SA,26.4
P3F6,EU,IM,CP,NA,26.4
P3KM,EU,IM,CP,SA,26.4
P3Q4,EU,IM,CV,NA,26.4
P3VK,EU,IM,CV,SA,26.4
P432,EU,EX,CP,NA,26.4
P48I,EU,EX,CP,SA,26.4
P4DY,EU,EX,CV,NA,26.4
P4JG,EU,EX,CV,SA,26.4
P4OW,RW,IM,CP,NA,26.4
P4UE,RW,IM,CP,SA,26.4
P4ZU,RW,IM,CV,NA,26.4
P57C,RW,IM,CV,SA,26.4
P5CS,RW,EX,CP,NA,26.4
P5IA,RW,EX,CP,SA,26.4
P5NQ,RW,EX,CV,NA,26.4
P5T8,RW,EX,CV,SA,26.4
P25F,WW,IM,CP,NA,26.5
P2AV,WW,IM,CP,SA,26.5
P2GD,WW,IM,CV,NA,26.5
P2LT,WW,IM,CV,SA,26.5
P2RB,WW,EX,CP,NA,26.5
P2WR,WW,EX,CP,SA,26.5
P349,WW,EX,CV,NA,26.5
P39P,WW,EX,CV,SA,26.5
P3F7,EU,IM,CP,NA,26.5
P3KN,EU,IM,CP,SA,26.5
P3Q5,EU,IM,CV,NA,26.5
P3VL,EU,IM,CV,SA,26.5
P433,EU,EX,CP,NA,26.5
P48J,EU,EX,CP,SA,26.5
P4DZ,EU,EX,CV,NA,26.5
P4JH,EU,EX,CV,SA,26.5
P4OX,RW,IM,CP,NA,26.5
P4UF,RW,IM,CP,SA,26.5
P4ZV,RW,IM,CV,NA,26.5
P57D,RW,IM,CV,SA,26.5
P5CT,RW,EX,CP,NA,26.5
P5IB,RW,EX,CP,SA,26.5
P5NR,RW,EX,CV,NA,26.5
P5T9,RW,EX,CV,SA,26.5
P25G,WW,IM,CP,NA,26.6
P2AW,WW,IM,CP,SA,26.6
P2GE,WW,IM,CV,NA,26.6
P2LU,WW,IM,CV,SA,26.6
P2RC,WW,EX,CP,NA,26.6
P2WS,WW,EX,CP,SA,26.6
P34A,WW,EX,CV,NA,26.6
P39Q,WW,EX,CV,SA,26.6
P3F8,EU,IM,CP,NA,26.6
P3KO,EU,IM,CP,SA,26.6
P3Q6,EU,IM,CV,NA,26.6
P3VM,EU,IM,CV,SA,26.6
P434,EU,EX,CP,NA,26.6
P48K,EU,EX,CP,SA,26.6
P4E2,EU,EX,CV,NA,26.6
P4JI,EU,EX,CV,SA,26.6
P4OY,RW,IM,CP,NA,26.6
P4UG,RW,IM,CP,SA,26.6
P4ZW,RW,IM,CV,NA,26.6
P57E,RW,IM,CV,SA,26.6
P5CU,RW,EX,CP,NA,26.6
P5IC,RW,EX,CP,SA,26.6
P5NS,RW,EX,CV,NA,26.6
P5TA,RW,EX,CV,SA,26.6
P25H,WW,IM,CP,NA,26.7
P2AX,WW,IM,CP,SA,26.7
P2GF,WW,IM,CV,NA,26.7
P2LV,WW,IM,CV,SA,26.7
P2RD,WW,EX,CP,NA,26.7
P2WT,WW,EX,CP,SA,26.7
P34B,WW,EX,CV,NA,26.7
P39R,WW,EX,CV,SA,26.7
P3F9,EU,IM,CP,NA,26.7
P3KP,EU,IM,CP,SA,26.7
P3Q7,EU,IM,CV,NA,26.7
P3VN,EU,IM,CV,SA,26.7
P435,EU,EX,CP,NA,26.7
P48L,EU,EX,CP,SA,26.7
P4E3,EU,EX,CV,NA,26.7
P4JJ,EU,EX,CV,SA,26.7
P4OZ,RW,IM,CP,NA,26.7
P4UH,RW,IM,CP,SA,26.7
P4ZX,RW,IM,CV,NA,26.7
P57F,RW,IM,CV,SA,26.7
P5CV,RW,EX,CP,NA,26.7
P5ID,RW,EX,CP,SA,26.7
P5NT,RW,EX,CV,NA,26.7
P5TB,RW,EX,CV,SA,26.7
P25I,WW,IM,CP,NA,26.8
P2AY,WW,IM,CP,SA,26.8
P2GG,WW,IM,CV,NA,26.8
P2LW,WW,IM,CV,SA,26.8
P2RE,WW,EX,CP,NA,26.8
P2WU,WW,EX,CP,SA,26.8
P34C,WW,EX,CV,NA,26.8
P39S,WW,EX,CV,SA,26.8
P3FA,EU,IM,CP,NA,26.8
P3KQ,EU,IM,CP,SA,26.8
P3Q8,EU,IM,CV,NA,26.8
P3VO,EU,IM,CV,SA,26.8
P436,EU,EX,CP,NA,26.8
P48M,EU,EX,CP,SA,26.8
P4E4,EU,EX,CV,NA,26.8
P4JK,EU,EX,CV,SA,26.8
P4P2,RW,IM,CP,NA,26.8
P4UI,RW,IM,CP,SA,26.8
P4ZY,RW,IM,CV,NA,26.8
P57G,RW,IM,CV,SA,26.8
P5CW,RW,EX,CP,NA,26.8
P5IE,RW,EX,CP,SA,26.8
P5NU,RW,EX,CV,NA,26.8
P5TC,RW,EX,CV,SA,26.8
P25J,WW,IM,CP,NA,27
P2AZ,WW,IM,CP,SA,27
P2GH,WW,IM,CV,NA,27
P2LX,WW,IM,CV,SA,27
P2RF,WW,EX,CP,NA,27
P2WV,WW,EX,CP,SA,27
P34D,WW,EX,CV,NA,27
P39T,WW,EX,CV,SA,27
P3FB,EU,IM,CP,NA,27
P3KR,EU,IM,CP,SA,27
P3Q9,EU,IM,CV,NA,27
P3VP,EU,IM,CV,SA,27
P437,EU,EX,CP,NA,27
P48N,EU,EX,CP,SA,27
P4E5,EU,EX,CV,NA,27
P4JL,EU,EX,CV,SA,27
P4P3,RW,IM,CP,NA,27
P4UJ,RW,IM,CP,SA,27
P4ZZ,RW,IM,CV,NA,27
P57H,RW,IM,CV,SA,27
P5CX,RW,EX,CP,NA,27
P5IF,RW,EX,CP,SA,27
P5NV,RW,EX,CV,NA,27
P5TD,RW,EX,CV,SA,27
P25K,WW,IM,CP,NA,27.1
P2B2,WW,IM,CP,SA,27.1
P2GI,WW,IM,CV,NA,27.1
P2LY,WW,IM,CV,SA,27.1
P2RG,WW,EX,CP,NA,27.1
P2WW,WW,EX,CP,SA,27.1
P34E,WW,EX,CV,NA,27.1
P39U,WW,EX,CV,SA,27.1
P3FC,EU,IM,CP,NA,27.1
P3KS,EU,IM,CP,SA,27.1
P3QA,EU,IM,CV,NA,27.1
P3VQ,EU,IM,CV,SA,27.1
P438,EU,EX,CP,NA,27.1
P48O,EU,EX,CP,SA,27.1
P4E6,EU,EX,CV,NA,27.1
P4JM,EU,EX,CV,SA,27.1
P4P4,RW,IM,CP,NA,27.1
P4UK,RW,IM,CP,SA,27.1
P522,RW,IM,CV,NA,27.1
P57I,RW,IM,CV,SA,27.1
P5CY,RW,EX,CP,NA,27.1
P5IG,RW,EX,CP,SA,27.1
P5NW,RW,EX,CV,NA,27.1
P5TE,RW,EX,CV,SA,27.1
P25L,WW,IM,CP,NA,27.2
P2B3,WW,IM,CP,SA,27.2
P2GJ,WW,IM,CV,NA,27.2
P2LZ,WW,IM,CV,SA,27.2
P2RH,WW,EX,CP,NA,27.2
P2WX,WW,EX,CP,SA,27.2
P34F,WW,EX,CV,NA,27.2
P39V,WW,EX,CV,SA,27.2
P3FD,EU,IM,CP,NA,27.2
P3KT,EU,IM,CP,SA,27.2
P3QB,EU,IM,CV,NA,27.2
P3VR,EU,IM,CV,SA,27.2
P439,EU,EX,CP,NA,27.2
P48P,EU,EX,CP,SA,27.2
P4E7,EU,EX,CV,NA,27.2
P4JN,EU,EX,CV,SA,27.2
P4P5,RW,IM,CP,NA,27.2
P4UL,RW,IM,CP,SA,27.2
P523,RW,IM,CV,NA,27.2
P57J,RW,IM,CV,SA,27.2
P5CZ,RW,EX,CP,NA,27.2
P5IH,RW,EX,CP,SA,27.2
P5NX,RW,EX,CV,NA,27.2
P5TF,RW,EX,CV,SA,27.2
P25M,WW,IM,CP,NA,27.3
P2B4,WW,IM,CP,SA,27.3
P2GK,WW,IM,CV,NA,27.3
P2M2,WW,IM,CV,SA,27.3
P2RI,WW,EX,CP,NA,27.3
P2WY,WW,EX,CP,SA,27.3
P34G,WW,EX,CV,NA,27.3
P39W,WW,EX,CV,SA,27.3
P3FE,EU,IM,CP,NA,27.3
P3KU,EU,IM,CP,SA,27.3
P3QC,EU,IM,CV,NA,27.3
P3VS,EU,IM,CV,SA,27.3
P43A,EU,EX,CP,NA,27.3
P48Q,EU,EX,CP,SA,27.3
P4E8,EU,EX,CV,NA,27.3
P4JO,EU,EX,CV,SA,27.3
P4P6,RW,IM,CP,NA,27.3
P4UM,RW,IM,CP,SA,27.3
P524,RW,IM,CV,NA,27.3
P57K,RW,IM,CV,SA,27.3
P5D2,RW,EX,CP,NA,27.3
P5II,RW,EX,CP,SA,27.3
P5NY,RW,EX,CV,NA,27.3
P5TG,RW,EX,CV,SA,27.3
P25N,WW,IM,CP,NA,27.4
P2B5,WW,IM,CP,SA,27.4
P2GL,WW,IM,CV,NA,27.4
P2M3,WW,IM,CV,SA,27.4
P2RJ,WW,EX,CP,NA,27.4
P2WZ,WW,EX,CP,SA,27.4
P34H,WW,EX,CV,NA,27.4
P39X,WW,EX,CV,SA,27.4
P3FF,EU,IM,CP,NA,27.4
P3KV,EU,IM,CP,SA,27.4
P3QD,EU,IM,CV,NA,27.4
P3VT,EU,IM,CV,SA,27.4
P43B,EU,EX,CP,NA,27.4
P48R,EU,EX,CP,SA,27.4
P4E9,EU,EX,CV,NA,27.4
P4JP,EU,EX,CV,SA,27.4
P4P7,RW,IM,CP,NA,27.4
P4UN,RW,IM,CP,SA,27.4
P525,RW,IM,CV,NA,27.4
P57L,RW,IM,CV,SA,27.4
P5D3,RW,EX,CP,NA,27.4
P5IJ,RW,EX,CP,SA,27.4
P5NZ,RW,EX,CV,NA,27.4
P5TH,RW,EX,CV,SA,27.4
P25O,WW,IM,CP,NA,27.5
P2B6,WW,IM,CP,SA,27.5
P2GM,WW,IM,CV,NA,27.5
P2M4,WW,IM,CV,SA,27.5
P2RK,WW,EX,CP,NA,27.5
P2X2,WW,EX,CP,SA,27.5
P34I,WW,EX,CV,NA,27.5
P39Y,WW,EX,CV,SA,27.5
P3FG,EU,IM,CP,NA,27.5
P3KW,EU,IM,CP,SA,27.5
P3QE,EU,IM,CV,NA,27.5
P3VU,EU,IM,CV,SA,27.5
P43C,EU,EX,CP,NA,27.5
P48S,EU,EX,CP,SA,27.5
P4EA,EU,EX,CV,NA,27.5
P4JQ,EU,EX,CV,SA,27.5
P4P8,RW,IM,CP,NA,27.5
P4UO,RW,IM,CP,SA,27.5
P526,RW,IM,CV,NA,27.5
P57M,RW,IM,CV,SA,27.5
P5D4,RW,EX,CP,NA,27.5
P5IK,RW,EX,CP,SA,27.5
P5O2,RW,EX,CV,NA,27.5
P5TI,RW,EX,CV,SA,27.5
P25P,WW,IM,CP,NA,27.9
P2B7,WW,IM,CP,SA,27.9
P2GN,WW,IM,CV,NA,27.9
P2M5,WW,IM,CV,SA,27.9
P2RL,WW,EX,CP,NA,27.9
P2X3,WW,EX,CP,SA,27.9
P34J,WW,EX,CV,NA,27.9
P39Z,WW,EX,CV,SA,27.9
P3FH,EU,IM,CP,NA,27.9
P3KX,EU,IM,CP,SA,27.9
P3QF,EU,IM,CV,NA,27.9
P3VV,EU,IM,CV,SA,27.9
P43D,EU,EX,CP,NA,27.9
P48T,EU,EX,CP,SA,27.9
P4EB,EU,EX,CV,NA,27.9
P4JR,EU,EX,CV,SA,27.9
P4P9,RW,IM,CP,NA,27.9
P4UP,RW,IM,CP,SA,27.9
P527,RW,IM,CV,NA,27.9
P57N,RW,IM,CV,SA,27.9
P5D5,RW,EX,CP,NA,27.9
P5IL,RW,EX,CP,SA,27.9
P5O3,RW,EX,CV,NA,27.9
P5TJ,RW,EX,CV,SA,27.9
P25Q,WW,IM,CP,NA,28
P2B8,WW,IM,CP,SA,28
P2GO,WW,IM,CV,NA,28
P2M6,WW,IM,CV,SA,28
P2RM,WW,EX,CP,NA,28
P2X4,WW,EX,CP,SA,28
P34K,WW,EX,CV,NA,28
P3A2,WW,EX,CV,SA,28
P3FI,EU,IM,CP,NA,28
P3KY,EU,IM,CP,SA,28
P3QG,EU,IM,CV,NA,28
P3VW,EU,IM,CV,SA,28
P43E,EU,EX,CP,NA,28
P48U,EU,EX,CP,SA,28
P4EC,EU,EX,CV,NA,28
P4JS,EU,EX,CV,SA,28
P4PA,RW,IM,CP,NA,28
P4UQ,RW,IM,CP,SA,28
P528,RW,IM,CV,NA,28
P57O,RW,IM,CV,SA,28
P5D6,RW,EX,CP,NA,28
P5IM,RW,EX,CP,SA,28
P5O4,RW,EX,CV,NA,28
P5TK,RW,EX,CV,SA,28
P25R,WW,IM,CP,NA,28.1
P2B9,WW,IM,CP,SA,28.1
P2GP,WW,IM,CV,NA,28.1
P2M7,WW,IM,CV,SA,28.1
P2RN,WW,EX,CP,NA,28.1
P2X5,WW,EX,CP,SA,28.1
P34L,WW,EX,CV,NA,28.1
P3A3,WW,EX,CV,SA,28.1
P3FJ,EU,IM,CP,NA,28.1
P3KZ,EU,IM,CP,SA,28.1
P3QH,EU,IM,CV,NA,28.1
P3VX,EU,IM,CV,SA,28.1
P43F,EU,EX,CP,NA,28.1
P48V,EU,EX,CP,SA,28.1
P4ED,EU,EX,CV,NA,28.1
P4JT,EU,EX,CV,SA,28.1
P4PB,RW,IM,CP,NA,28.1
P4UR,RW,IM,CP,SA,28.1
P529,RW,IM,CV,NA,28.1
P57P,RW,IM,CV,SA,28.1
P5D7,RW,EX,CP,NA,28.1
P5IN,RW,EX,CP,SA,28.1
P5O5,RW,EX,CV,NA,28.1
P5TL,RW,EX,CV,SA,28.1
P25S,WW,IM,CP,NA,28.2
P2BA,WW,IM,CP,SA,28.2
P2GQ,WW,IM,CV,NA,28.2
P2M8,WW,IM,CV,SA,28.2
P2RO,WW,EX,CP,NA,28.2
P2X6,WW,EX,CP,SA,28.2
P34M,WW,EX,CV,NA,28.2
P3A4,WW,EX,CV,SA,28.2
P3FK,EU,IM,CP,NA,28.2
P3L2,EU,IM,CP,SA,28.2
P3QI,EU,IM,CV,NA,28.2
P3VY,EU,IM,CV,SA,28.2
P43G,EU,EX,CP,NA,28.2
P48W,EU,EX,CP,SA,28.2
P4EE,EU,EX,CV,NA,28.2
P4JU,EU,EX,CV,SA,28.2
P4PC,RW,IM,CP,NA,28.2
P4US,RW,IM,CP,SA,28.2
P52A,RW,IM,CV,NA,28.2
P57Q,RW,IM,CV,SA,28.2
P5D8,RW,EX,CP,NA,28.2
P5IO,RW,EX,CP,SA,28.2
P5O6,RW,EX,CV,NA,28.2
P5TM,RW,EX,CV,SA,28.2
P25T,WW,IM,CP,NA,28.3
P2BB,WW,IM,CP,SA,28.3
P2GR,WW,IM,CV,NA,28.3
P2M9,WW,IM,CV,SA,28.3
P2RP,WW,EX,CP,NA,28.3
P2X7,WW,EX,CP,SA,28.3
P34N,WW,EX,CV,NA,28.3
P3A5,WW,EX,CV,SA,28.3
P3FL,EU,IM,CP,NA,28.3
P3L3,EU,IM,CP,SA,28.3
P3QJ,EU,IM,CV,NA,28.3
P3VZ,EU,IM,CV,SA,28.3
P43H,EU,EX,CP,NA,28.3
P48X,EU,EX,CP,SA,28.3
P4EF,EU,EX,CV,NA,28.3
P4JV,EU,EX,CV,SA,28.3
P4PD,RW,IM,CP,NA,28.3
P4UT,RW,IM,CP,SA,28.3
P52B,RW,IM,CV,NA,28.3
P57R,RW,IM,CV,SA,28.3
P5D9,RW,EX,CP,NA,28.3
P5IP,RW,EX,CP,SA,28.3
P5O7,RW,EX,CV,NA,28.3
P5TN,RW,EX,CV,SA,28.3
P25U,WW,IM,CP,NA,28.4
P2BC,WW,IM,CP,SA,28.4
P2GS,WW,IM,CV,NA,28.4
P2MA,WW,IM,CV,SA,28.4
P2RQ,WW,EX,CP,NA,28.4
P2X8,WW,EX,CP,SA,28.4
P34O,WW,EX,CV,NA,28.4
P3A6,WW,EX,CV,SA,28.4
P3FM,EU,IM,CP,NA,28.4
P3L4,EU,IM,CP,SA,28.4
P3QK,EU,IM,CV,NA,28.4
P3W2,EU,IM,CV,SA,28.4
P43I,EU,EX,CP,NA,28.4
P48Y,EU,EX,CP,SA,28.4
P4EG,EU,EX,CV,NA,28.4
P4JW,EU,EX,CV,SA,28.4
P4PE,RW,IM,CP,NA,28.4
P4UU,RW,IM,CP,SA,28.4
P52C,RW,IM,CV,NA,28.4
P57S,RW,IM,CV,SA,28.4
P5DA,RW,EX,CP,NA,28.4
P5IQ,RW,EX,CP,SA,28.4
P5O8,RW,EX,CV,NA,28.4
P5TO,RW,EX,CV,SA,28.4
P25V,WW,IM,CP,NA,28.9
P2BD,WW,IM,CP,SA,28.9
P2GT,WW,IM,CV,NA,28.9
P2MB,WW,IM,CV,SA,28.9
P2RR,WW,EX,CP,NA,28.9
P2X9,WW,EX,CP,SA,28.9
P34P,WW,EX,CV,NA,28.9
P3A7,WW,EX,CV,SA,28.9
P3FN,EU,IM,CP,NA,28.9
P3L5,EU,IM,CP,SA,28.9
P3QL,EU,IM,CV,NA,28.9
P3W3,EU,IM,CV,SA,28.9
P43J,EU,EX,CP,NA,28.9
P48Z,EU,EX,CP,SA,28.9
P4EH,EU,EX,CV,NA,28.9
P4JX,EU,EX,CV,SA,28.9
P4PF,RW,IM,CP,NA,28.9
P4UV,RW,IM,CP,SA,28.9
P52D,RW,IM,CV,NA,28.9
P57T,RW,IM,CV,SA,28.9
P5DB,RW,EX,CP,NA,28.9
P5IR,RW,EX,CP,SA,28.9
P5O9,RW,EX,CV,NA,28.9
P5TP,RW,EX,CV,SA,28.9
P25W,WW,IM,CP,NA,29
P2BE,WW,IM,CP,SA,29
P2GU,WW,IM,CV,NA,29
P2MC,WW,IM,CV,SA,29
P2RS,WW,EX,CP,NA,29
P2XA,WW,EX,CP,SA,29
P34Q,WW,EX,CV,NA,29
P3A8,WW,EX,CV,SA,29
P3FO,EU,IM,CP,NA,29
P3L6,EU,IM,CP,SA,29
P3QM,EU,IM,CV,NA,29
P3W4,EU,IM,CV,SA,29
P43K,EU,EX,CP,NA,29
P492,EU,EX,CP,SA,29
P4EI,EU,EX,CV,NA,29
P4JY,EU,EX,CV,SA,29
P4PG,RW,IM,CP,NA,29
P4UW,RW,IM,CP,SA,29
P52E,RW,IM,CV,NA,29
P57U,RW,IM,CV,SA,29
P5DC,RW,EX,CP,NA,29
P5IS,RW,EX,CP,SA,29
P5OA,RW,EX,CV,NA,29
P5TQ,RW,EX,CV,SA,29
P25X,WW,IM,CP,NA,29.1
P2BF,WW,IM,CP,SA,29.1
P2GV,WW,IM,CV,NA,29.1
P2MD,WW,IM,CV,SA,29.1
P2RT,WW,EX,CP,NA,29.1
P2XB,WW,EX,CP,SA,29.1
P34R,WW,EX,CV,NA,29.1
P3A9,WW,EX,CV,SA,29.1
P3FP,EU,IM,CP,NA,29.1
P3L7,EU,IM,CP,SA,29.1
P3QN,EU,IM,CV,NA,29.1
P3W5,EU,IM,CV,SA,29.1
P43L,EU,EX,CP,NA,29.1
P493,EU,EX,CP,SA,29.1
P4EJ,EU,EX,CV,NA,29.1
P4JZ,EU,EX,CV,SA,29.1
P4PH,RW,IM,CP,NA,29.1
P4UX,RW,IM,CP,SA,29.1
P52F,RW,IM,CV,NA,29.1
P57V,RW,IM,CV,SA,29.1
P5DD,RW,EX,CP,NA,29.1
P5IT,RW,EX,CP,SA,29.1
P5OB,RW,EX,CV,NA,29.1
P5TR,RW,EX,CV,SA,29.1
P25Y,WW,IM,CP,NA,29.2
P2BG,WW,IM,CP,SA,29.2
P2GW,WW,IM,CV,NA,29.2
P2ME,WW,IM,CV,SA,29.2
P2RU,WW,EX,CP,NA,29.2
P2XC,WW,EX,CP,SA,29.2
P34S,WW,EX,CV,NA,29.2
P3AA,WW,EX,CV,SA,29.2
P3FQ,EU,IM,CP,NA,29.2
P3L8,EU,IM,CP,SA,29.2
P3QO,EU,IM,CV,NA,29.2
P3W6,EU,IM,CV,SA,29.2
P43M,EU,EX,CP,NA,29.2
P494,EU,EX,CP,SA,29.2
P4EK,EU,EX,CV,NA,29.2
P4K2,EU,EX,CV,SA,29.2
P4PI,RW,IM,CP,NA,29.2
P4UY,RW,IM,CP,SA,29.2
P52G,RW,IM,CV,NA,29.2
P57W,RW,IM,CV,SA,29.2
P5DE,RW,EX,CP,NA,29.2
P5IU,RW,EX,CP,SA,29.2
P5OC,RW,EX,CV,NA,29.2
P5TS,RW,EX,CV,SA,29.2
P25Z,WW,IM,CP,NA,29.3
P2BH,WW,IM,CP,SA,29.3
P2GX,WW,IM,CV,NA,29.3
P2MF,WW,IM,CV,SA,29.3
P2RV,WW,EX,CP,NA,29.3
P2XD,WW,EX,CP,SA,29.3
P34T,WW,EX,CV,NA,29.3
P3AB,WW,EX,CV,SA,29.3
P3FR,EU,IM,CP,NA,29.3
P3L9,EU,IM,CP,SA,29.3
P3QP,EU,IM,CV,NA,29.3
P3W7,EU,IM,CV,SA,29.3
P43N,EU,EX,CP,NA,29.3
P495,EU,EX,CP,SA,29.3
P4EL,EU,EX,CV,NA,29.3
P4K3,EU,EX,CV,SA,29.3
P4PJ,RW,IM,CP,NA,29.3
P4UZ,RW,IM,CP,SA,29.3
P52H,RW,IM,CV,NA,29.3
P57X,RW,IM,CV,SA,29.3
P5DF,RW,EX,CP,NA,29.3
P5IV,RW,EX,CP,SA,29.3
P5OD,RW,EX,CV,NA,29.3
P5TT,RW,EX,CV,SA,29.3
P262,WW,IM,CP,NA,30
P2BI,WW,IM,CP,SA,30
P2GY,WW,IM,CV,NA,30
P2MG,WW,IM,CV,SA,30
P2RW,WW,EX,CP,NA,30
P2XE,WW,EX,CP,SA,30
P34U,WW,EX,CV,NA,30
P3AC,WW,EX,CV,SA,30
P3FS,EU,IM,CP,NA,30
P3LA,EU,IM,CP,SA,30
P3QQ,EU,IM,CV,NA,30
P3W8,EU,IM,CV,SA,30
P43O,EU,EX,CP,NA,30
P496,EU,EX,CP,SA,30
P4EM,EU,EX,CV,NA,30
P4K4,EU,EX,CV,SA,30
P4PK,RW,IM,CP,NA,30
P4V2,RW,IM,CP,SA,30
P52I,RW,IM,CV,NA,30
P57Y,RW,IM,CV,SA,30
P5DG,RW,EX,CP,NA,30
P5IW,RW,EX,CP,SA,30
P5OE,RW,EX,CV,NA,30
P5TU,RW,EX,CV,SA,30
P263,WW,IM,CP,NA,30.1
P2BJ,WW,IM,CP,SA,30.1
P2GZ,WW,IM,CV,NA,30.1
P2MH,WW,IM,CV,SA,30.1
P2RX,WW,EX,CP,NA,30.1
P2XF,WW,EX,CP,SA,30.1
P34V,WW,EX,CV,NA,30.1
P3AD,WW,EX,CV,SA,30.1
P3FT,EU,IM,CP,NA,30.1
P3LB,EU,IM,CP,SA,30.1
P3QR,EU,IM,CV,NA,30.1
P3W9,EU,IM,CV,SA,30.1
P43P,EU,EX,CP,NA,30.1
P497,EU,EX,CP,SA,30.1
P4EN,EU,EX,CV,NA,30.1
P4K5,EU,EX,CV,SA,30.1
P4PL,RW,IM,CP,NA,30.1
P4V3,RW,IM,CP,SA,30.1
P52J,RW,IM,CV,NA,30.1
P57Z,RW,IM,CV,SA,30.1
P5DH,RW,EX,CP,NA,30.1
P5IX,RW,EX,CP,SA,30.1
P5OF,RW,EX,CV,NA,30.1
P5TV,RW,EX,CV,SA,30.1
P268,WW,IM,CP,NA,30.2
P2BO,WW,IM,CP,SA,30.2
P2H6,WW,IM,CV,NA,30.2
P2MM,WW,IM,CV,SA,30.2
P2S4,WW,EX,CP,NA,30.2
P2XK,WW,EX,CP,SA,30.2
P352,WW,EX,CV,NA,30.2
P3AI,WW,EX,CV,SA,30.2
P3FY,EU,IM,CP,NA,30.2
P3LG,EU,IM,CP,SA,30.2
P3QW,EU,IM,CV,NA,30.2
P3WE,EU,IM,CV,SA,30.2
P43U,EU,EX,CP,NA,30.2
P49C,EU,EX,CP,SA,30.2
P4ES,EU,EX,CV,NA,30.2
P4KA,EU,EX,CV,SA,30.2
P4PQ,RW,IM,CP,NA,30.2
P4V8,RW,IM,CP,SA,30.2
P52O,RW,IM,CV,NA,30.2
P586,RW,IM,CV,SA,30.2
P5DM,RW,EX,CP,NA,30.2
P5J4,RW,EX,CP,SA,30.2
P5OK,RW,EX,CV,NA,30.2
P5U2,RW,EX,CV,SA,30.2
P264,WW,IM,CP,NA,30.3
P2BK,WW,IM,CP,SA,30.3
P2H2,WW,IM,CV,NA,30.3
P2MI,WW,IM,CV,SA,30.3
P2RY,WW,EX,CP,NA,30.3
P2XG,WW,EX,CP,SA,30.3
P34W,WW,EX,CV,NA,30.3
P3AE,WW,EX,CV,SA,30.3
P3FU,EU,IM,CP,NA,30.3
P3LC,EU,IM,CP,SA,30.3
P3QS,EU,IM,CV,NA,30.3
P3WA,EU,IM,CV,SA,30.3
P43Q,EU,EX,CP,NA,30.3
P498,EU,EX,CP,SA,30.3
P4EO,EU,EX,CV,NA,30.3
P4K6,EU,EX,CV,SA,30.3
P4PM,RW,IM,CP,NA,30.3
P4V4,RW,IM,CP,SA,30.3
P52K,RW,IM,CV,NA,30.3
P582,RW,IM,CV,SA,30.3
P5DI,RW,EX,CP,NA,30.3
P5IY,RW,EX,CP,SA,30.3
P5OG,RW,EX,CV,NA,30.3
P5TW,RW,EX,CV,SA,30.3
P265,WW,IM,CP,NA,30.3A
P2H3,WW,IM,CV,NA,30.3A
P2MJ,WW,IM,CV,SA,30.3A
P2RZ,WW,EX,CP,NA,30.3A
P34X,WW,EX,CV,NA,30.3A
P3AF,WW,EX,CV,SA,30.3A
P3FV,EU,IM,CP,NA,30.3A
P3LD,EU,IM,CP,SA,30.3A
P3QT,EU,IM,CV,NA,30.3A
P3WB,EU,IM,CV,SA,30.3A
P43R,EU,EX,CP,NA,30.3A
P499,EU,EX,CP,SA,30.3A
P4EP,EU,EX,CV,NA,30.3A
P4K7,EU,EX,CV,SA,30.3A
P4PN,RW,IM,CP,NA,30.3A
P4V5,RW,IM,CP,SA,30.3A
P52L,RW,IM,CV,NA,30.3A
P583,RW,IM,CV,SA,30.3A
P5DJ,RW,EX,CP,NA,30.3A
P5IZ,RW,EX,CP,SA,30.3A
P5OH,RW,EX,CV,NA,30.3A
P5TX,RW,EX,CV,SA,30.3A
P266,WW,IM,CP,NA,30.3B
P2H4,WW,IM,CV,NA,30.3B
P2MK,WW,IM,CV,SA,30.3B
P2S2,WW,EX,CP,NA,30.3B
P34Y,WW,EX,CV,NA,30.3B
P3AG,WW,EX,CV,SA,30.3B
P3FW,EU,IM,CP,NA,30.3B
P3LE,EU,IM,CP,SA,30.3B
P3QU,EU,IM,CV,NA,30.3B
P3WC,EU,IM,CV,SA,30.3B
P43S,EU,EX,CP,NA,30.3B
P49A,EU,EX,CP,SA,30.3B
P4EQ,EU,EX,CV,NA,30.3B
P4K8,EU,EX,CV,SA,30.3B
P4PO,RW,IM,CP,NA,30.3B
P4V6,RW,IM,CP,SA,30.3B
P52M,RW,IM,CV,NA,30.3B
P584,RW,IM,CV,SA,30.3B
P5DK,RW,EX,CP,NA,30.3B
P5J2,RW,EX,CP,SA,30.3B
P5OI,RW,EX,CV,NA,30.3B
P5TY,RW,EX,CV,SA,30.3B
P267,WW,IM,CP,NA,30.3C
P2H5,WW,IM,CV,NA,30.3C
P2ML,WW,IM,CV,SA,30.3C
P2S3,WW,EX,CP,NA,30.3C
P34Z,WW,EX,CV,NA,30.3C
P3AH,WW,EX,CV,SA,30.3C
P3FX,EU,IM,CP,NA,30.3C
P3LF,EU,IM,CP,SA,30.3C
P3QV,EU,IM,CV,NA,30.3C
P3WD,EU,IM,CV,SA,30.3C
P43T,EU,EX,CP,NA,30.3C
P49B,EU,EX,CP,SA,30.3C
P4ER,EU,EX,CV,NA,30.3C
P4K9,EU,EX,CV,SA,30.3C
P4PP,RW,IM,CP,NA,30.3C
P4V7,RW,IM,CP,SA,30.3C
P52N,RW,IM,CV,NA,30.3C
P585,RW,IM,CV,SA,30.3C
P5DL,RW,EX,CP,NA,30.3C
P5J3,RW,EX,CP,SA,30.3C
P5OJ,RW,EX,CV,NA,30.3C
P5TZ,RW,EX,CV,SA,30.3C
P269,WW,IM,CP,NA,30.4
P2BP,WW,IM,CP,SA,30.4
P2H7,WW,IM,CV,NA,30.4
P2MN,WW,IM,CV,SA,30.4
P2S5,WW,EX,CP,NA,30.4
P2XL,WW,EX,CP,SA,30.4
P353,WW,EX,CV,NA,30.4
P3AJ,WW,EX,CV,SA,30.4
P3FZ,EU,IM,CP,NA,30.4
P3LH,EU,IM,CP,SA,30.4
P3QX,EU,IM,CV,NA,30.4
P3WF,EU,IM,CV,SA,30.4
P43V,EU,EX,CP,NA,30.4
P49D,EU,EX,CP,SA,30.4
P4ET,EU,EX,CV,NA,30.4
P4KB,EU,EX,CV,SA,30.4
P4PR,RW,IM,CP,NA,30.4
P4V9,RW,IM,CP,SA,30.4
P52P,RW,IM,CV,NA,30.4
P587,RW,IM,CV,SA,30.4
P5DN,RW,EX,CP,NA,30.4
P5J5,RW,EX,CP,SA,30.4
P5OL,RW,EX,CV,NA,30.4
P5U3,RW,EX,CV,SA,30.4
P26A,WW,IM,CP,NA,30.9
P2BQ,WW,IM,CP,SA,30.9
P2H8,WW,IM,CV,NA,30.9
P2MO,WW,IM,CV,SA,30.9
P2S6,WW,EX,CP,NA,30.9
P2XM,WW,EX,CP,SA,30.9
P354,WW,EX,CV,NA,30.9
P3AK,WW,EX,CV,SA,30.9
P3G2,EU,IM,CP,NA,30.9
P3LI,EU,IM,CP,SA,30.9
P3QY,EU,IM,CV,NA,30.9
P3WG,EU,IM,CV,SA,30.9
P43W,EU,EX,CP,NA,30.9
P49E,EU,EX,CP,SA,30.9
P4EU,EU,EX,CV,NA,30.9
P4KC,EU,EX,CV,SA,30.9
P4PS,RW,IM,CP,NA,30.9
P4VA,RW,IM,CP,SA,30.9
P52Q,RW,IM,CV,NA,30.9
P588,RW,IM,CV,SA,30.9
P5DO,RW,EX,CP,NA,30.9
P5J6,RW,EX,CP,SA,30.9
P5OM,RW,EX,CV,NA,30.9
P5U4,RW,EX,CV,SA,30.9
P26B,WW,IM,CP,NA,31
P2BR,WW,IM,CP,SA,31
P2H9,WW,IM,CV,NA,31
P2MP,WW,IM,CV,SA,31
P2S7,WW,EX,CP,NA,31
P2XN,WW,EX,CP,SA,31
P355,WW,EX,CV,NA,31
P3AL,WW,EX,CV,SA,31
P3G3,EU,IM,CP,NA,31
P3LJ,EU,IM,CP,SA,31
P3QZ,EU,IM,CV,NA,31
P3WH,EU,IM,CV,SA,31
P43X,EU,EX,CP,NA,31
P49F,EU,EX,CP,SA,31
P4EV,EU,EX,CV,NA,31
P4KD,EU,EX,CV,SA,31
P4PT,RW,IM,CP,NA,31
P4VB,RW,IM,CP,SA,31
P52R,RW,IM,CV,NA,31
P589,RW,IM,CV,SA,31
P5DP,RW,EX,CP,NA,31
P5J7,RW,EX,CP,SA,31
P5ON,RW,EX,CV,NA,31
P5U5,RW,EX,CV,SA,31
P26C,WW,IM,CP,NA,32
P2BS,WW,IM,CP,SA,32
P2HA,WW,IM,CV,NA,32
P2MQ,WW,IM,CV,SA,32
P2S8,WW,EX,CP,NA,32
P2XO,WW,EX,CP,SA,32
P356,WW,EX,CV,NA,32
P3AM,WW,EX,CV,SA,32
P3G4,EU,IM,CP,NA,32
P3LK,EU,IM,CP,SA,32
P3R2,EU,IM,CV,NA,32
P3WI,EU,IM,CV,SA,32
P43Y,EU,EX,CP,NA,32
P49G,EU,EX,CP,SA,32
P4EW,EU,EX,CV,NA,32
P4KE,EU,EX,CV,SA,32
P4PU,RW,IM,CP,NA,32
P4VC,RW,IM,CP,SA,32
P52S,RW,IM,CV,NA,32
P58A,RW,IM,CV,SA,32
P5DQ,RW,EX,CP,NA,32
P5J8,RW,EX,CP,SA,32
P5OO,RW,EX,CV,NA,32
P5U6,RW,EX,CV,SA,32
P26D,WW,IM,CP,NA,32.1
P2BT,WW,IM,CP,SA,32.1
P2HB,WW,IM,CV,NA,32.1
P2MR,WW,IM,CV,SA,32.1
P2S9,WW,EX,CP,NA,32.1
P2XP,WW,EX,CP,SA,32.1
P357,WW,EX,CV,NA,32.1
P3AN,WW,EX,CV,SA,32.1
P3G5,EU,IM,CP,NA,32.1
P3LL,EU,IM,CP,SA,32.1
P3R3,EU,IM,CV,NA,32.1
P3WJ,EU,IM,CV,SA,32.1
P43Z,EU,EX,CP,NA,32.1
P49H,EU,EX,CP,SA,32.1
P4EX,EU,EX,CV,NA,32.1
P4KF,EU,EX,CV,SA,32.1
P4PV,RW,IM,CP,NA,32.1
P4VD,RW,IM,CP,SA,32.1
P52T,RW,IM,CV,NA,32.1
P58B,RW,IM,CV,SA,32.1
P5DR,RW,EX,CP,NA,32.1
P5J9,RW,EX,CP,SA,32.1
P5OP,RW,EX,CV,NA,32.1
P5U7,RW,EX,CV,SA,32.1
P26E,WW,IM,CP,NA,32.2
P2BU,WW,IM,CP,SA,32.2
P2HC,WW,IM,CV,NA,32.2
P2MS,WW,IM,CV,SA,32.2
P2SA,WW,EX,CP,NA,32.2
P2XQ,WW,EX,CP,SA,32.2
P358,WW,EX,CV,NA,32.2
P3AO,WW,EX,CV,SA,32.2
P3G6,EU,IM,CP,NA,32.2
P3LM,EU,IM,CP,SA,32.2
P3R4,EU,IM,CV,NA,32.2
P3WK,EU,IM,CV,SA,32.2
P442,EU,EX,CP,NA,32.2
P49I,EU,EX,CP,SA,32.2
P4EY,EU,EX,CV,NA,32.2
P4KG,EU,EX,CV,SA,32.2
P4PW,RW,IM,CP,NA,32.2
P4VE,RW,IM,CP,SA,32.2
P52U,RW,IM,CV,NA,32.2
P58C,RW,IM,CV,SA,32.2
P5DS,RW,EX,CP,NA,32.2
P5JA,RW,EX,CP,SA,32.2
P5OQ,RW,EX,CV,NA,32.2
P5U8,RW,EX,CV,SA,32.2
P26F,WW,IM,CP,NA,32.3
P2BV,WW,IM,CP,SA,32.3
P2HD,WW,IM,CV,NA,32.3
P2MT,WW,IM,CV,SA,32.3
P2SB,WW,EX,CP,NA,32.3
P2XR,WW,EX,CP,SA,32.3
P359,WW,EX,CV,NA,32.3
P3AP,WW,EX,CV,SA,32.3
P3G7,EU,IM,CP,NA,32.3
P3LN,EU,IM,CP,SA,32.3
P3R5,EU,IM,CV,NA,32.3
P3WL,EU,IM,CV,SA,32.3
P443,EU,EX,CP,NA,32.3
P49J,EU,EX,CP,SA,32.3
P4EZ,EU,EX,CV,NA,32.3
P4KH,EU,EX,CV,SA,32.3
P4PX,RW,IM,CP,NA,32.3
P4VF,RW,IM,CP,SA,32.3
P52V,RW,IM,CV,NA,32.3
P58D,RW,IM,CV,SA,32.3
P5DT,RW,EX,CP,NA,32.3
P5JB,RW,EX,CP,SA,32.3
P5OR,RW,EX,CV,NA,32.3
P5U9,RW,EX,CV,SA,32.3
P26G,WW,IM,CP,NA,32.4
P2BW,WW,IM,CP,SA,32.4
P2HE,WW,IM,CV,NA,32.4
P2MU,WW,IM,CV,SA,32.4
P2SC,WW,EX,CP,NA,32.4
P2XS,WW,EX,CP,SA,32.4
P35A,WW,EX,CV,NA,32.4
P3AQ,WW,EX,CV,SA,32.4
P3G8,EU,IM,CP,NA,32.4
P3LO,EU,IM,CP,SA,32.4
P3R6,EU,IM,CV,NA,32.4
P3WM,EU,IM,CV,SA,32.4
P444,EU,EX,CP,NA,32.4
P49K,EU,EX,CP,SA,32.4
P4F2,EU,EX,CV,NA,32.4
P4KI,EU,EX,CV,SA,32.4
P4PY,RW,IM,CP,NA,32.4
P4VG,RW,IM,CP,SA,32.4
P52W,RW,IM,CV,NA,32.4
P58E,RW,IM,CV,SA,32.4
P5DU,RW,EX,CP,NA,32.4
P5JC,RW,EX,CP,SA,32.4
P5OS,RW,EX,CV,NA,32.4
P5UA,RW,EX,CV,SA,32.4
P26H,WW,IM,CP,NA,32.5
P2BX,WW,IM,CP,SA,32.5
P2HF,WW,IM,CV,NA,32.5
P2MV,WW,IM,CV,SA,32.5
P2SD,WW,EX,CP,NA,32.5
P2XT,WW,EX,CP,SA,32.5
P35B,WW,EX,CV,NA,32.5
P3AR,WW,EX,CV,SA,32.5
P3G9,EU,IM,CP,NA,32.5
P3LP,EU,IM,CP,SA,32.5
P3R7,EU,IM,CV,NA,32.5
P3WN,EU,IM,CV,SA,32.5
P445,EU,EX,CP,NA,32.5
P49L,EU,EX,CP,SA,32.5
P4F3,EU,EX,CV,NA,32.5
P4KJ,EU,EX,CV,SA,32.5
P4PZ,RW,IM,CP,NA,32.5
P4VH,RW,IM,CP,SA,32.5
P52X,RW,IM,CV,NA,32.5
P58F,RW,IM,CV,SA,32.5
P5DV,RW,EX,CP,NA,32.5
P5JD,RW,EX,CP,SA,32.5
P5OT,RW,EX,CV,NA,32.5
P5UB,RW,EX,CV,SA,32.5
P26I,WW,IM,CP,NA,32.9
P2BY,WW,IM,CP,SA,32.9
P2HG,WW,IM,CV,NA,32.9
P2MW,WW,IM,CV,SA,32.9
P2SE,WW,EX,CP,NA,32.9
P2XU,WW,EX,CP,SA,32.9
P35C,WW,EX,CV,NA,32.9
P3AS,WW,EX,CV,SA,32.9
P3GA,EU,IM,CP,NA,32.9
P3LQ,EU,IM,CP,SA,32.9
P3R8,EU,IM,CV,NA,32.9
P3WO,EU,IM,CV,SA,32.9
P446,EU,EX,CP,NA,32.9
P49M,EU,EX,CP,SA,32.9
P4F4,EU,EX,CV,NA,32.9
P4KK,EU,EX,CV,SA,32.9
P4Q2,RW,IM,CP,NA,32.9
P4VI,RW,IM,CP,SA,32.9
P52Y,RW,IM,CV,NA,32.9
P58G,RW,IM,CV,SA,32.9
P5DW,RW,EX,CP,NA,32.9
P5JE,RW,EX,CP,SA,32.9
P5OU,RW,EX,CV,NA,32.9
P5UC,RW,EX,CV,SA,32.9
P26K,WW,IM,CP,NA,35
P2C2,WW,IM,CP,SA,35
P2HI,WW,IM,CV,NA,35
P2MY,WW,IM,CV,SA,35
P2SG,WW,EX,CP,NA,35
P2XW,WW,EX,CP,SA,35
P35E,WW,EX,CV,NA,35
P3AU,WW,EX,CV,SA,35
P3GC,EU,IM,CP,NA,35
P3LS,EU,IM,CP,SA,35
P3RA,EU,IM,CV,NA,35
P3WQ,EU,IM,CV,SA,35
P448,EU,EX,CP,NA,35
P49O,EU,EX,CP,SA,35
P4F6,EU,EX,CV,NA,35
P4KM,EU,EX,CV,SA,35
P4Q4,RW,IM,CP,NA,35
P4VK,RW,IM,CP,SA,35
P532,RW,IM,CV,NA,35
P58I,RW,IM,CV,SA,35
P5DY,RW,EX,CP,NA,35
P5JG,RW,EX,CP,SA,35
P5OW,RW,EX,CV,NA,35
P5UE,RW,EX,CV,SA,35
P26L,WW,IM,CP,NA,35.1
P2C3,WW,IM,CP,SA,35.1
P2HJ,WW,IM,CV,NA,35.1
P2MZ,WW,IM,CV,SA,35.1
P2SH,WW,EX,CP,NA,35.1
P2XX,WW,EX,CP,SA,35.1
P35F,WW,EX,CV,NA,35.1
P3AV,WW,EX,CV,SA,35.1
P3GD,EU,IM,CP,NA,35.1
P3LT,EU,IM,CP,SA,35.1
P3RB,EU,IM,CV,NA,35.1
P3WR,EU,IM,CV,SA,35.1
P449,EU,EX,CP,NA,35.1
P49P,EU,EX,CP,SA,35.1
P4F7,EU,EX,CV,NA,35.1
P4KN,EU,EX,CV,SA,35.1
P4Q5,RW,IM,CP,NA,35.1
P4VL,RW,IM,CP,SA,35.1
P533,RW,IM,CV,NA,35.1
P58J,RW,IM,CV,SA,35.1
P5DZ,RW,EX,CP,NA,35.1
P5JH,RW,EX,CP,SA,35.1
P5OX,RW,EX,CV,NA,35.1
P5UF,RW,EX,CV,SA,35.1
P26M,WW,IM,CP,NA,35.2
P2C4,WW,IM,CP,SA,35.2
P2HK,WW,IM,CV,NA,35.2
P2N2,WW,IM,CV,SA,35.2
P2SI,WW,EX,CP,NA,35.2
P2XY,WW,EX,CP,SA,35.2
P35G,WW,EX,CV,NA,35.2
P3AW,WW,EX,CV,SA,35.2
P3GE,EU,IM,CP,NA,35.2
P3LU,EU,IM,CP,SA,35.2
P3RC,EU,IM,CV,NA,35.2
P3WS,EU,IM,CV,SA,35.2
P44A,EU,EX,CP,NA,35.2
P49Q,EU,EX,CP,SA,35.2
P4F8,EU,EX,CV,NA,35.2
P4KO,EU,EX,CV,SA,35.2
P4Q6,RW,IM,CP,NA,35.2
P4VM,RW,IM,CP,SA,35.2
P534,RW,IM,CV,NA,35.2
P58K,RW,IM,CV,SA,35.2
P5E2,RW,EX,CP,NA,35.2
P5JI,RW,EX,CP,SA,35.2
P5OY,RW,EX,CV,NA,35.2
P5UG,RW,EX,CV,SA,35.2
P26O,WW,IM,CP,NA,37
P2C6,WW,IM,CP,SA,37
P2HM,WW,IM,CV,NA,37
P2N4,WW,IM,CV,SA,37
P2SK,WW,EX,CP,NA,37
P2Y2,WW,EX,CP,SA,37
P35I,WW,EX,CV,NA,37
P3AY,WW,EX,CV,SA,37
P3GG,EU,IM,CP,NA,37
P3LW,EU,IM,CP,SA,37
P3RE,EU,IM,CV,NA,37
P3WU,EU,IM,CV,SA,37
P44C,EU,EX,CP,NA,37
P49S,EU,EX,CP,SA,37
P4FA,EU,EX,CV,NA,37
P4KQ,EU,EX,CV,SA,37
P4Q8,RW,IM,CP,NA,37
P4VO,RW,IM,CP,SA,37
P536,RW,IM,CV,NA,37
P58M,RW,IM,CV,SA,37
P5E4,RW,EX,CP,NA,37
P5JK,RW,EX,CP,SA,37
P5P2,RW,EX,CV,NA,37
P5UI,RW,EX,CV,SA,37
P2HN,WW,IM,CV,NA,37.0
P35J,WW,EX,CV,NA,37.0
P3GH,EU,IM,CP,NA,37.0
P3RF,EU,IM,CV,NA,37.0
P44D,EU,EX,CP,NA,37.0
P4FB,EU,EX,CV,NA,37.0
P4Q9,RW,IM,CP,NA,37.0
P537,RW,IM,CV,NA,37.0
P5E5,RW,EX,CP,NA,37.0
P5P3,RW,EX,CV,NA,37.0
P26Q,WW,IM,CP,NA,38
P2C8,WW,IM,CP,SA,38
P2HO,WW,IM,CV,NA,38
P2N6,WW,IM,CV,SA,38
P2SM,WW,EX,CP,NA,38
P2Y4,WW,EX,CP,SA,38
P35K,WW,EX,CV,NA,38
P3B2,WW,EX,CV,SA,38
P3GI,EU,IM,CP,NA,38
P3LY,EU,IM,CP,SA,38
P3RG,EU,IM,CV,NA,38
P3WW,EU,IM,CV,SA,38
P44E,EU,EX,CP,NA,38
P49U,EU,EX,CP,SA,38
P4FC,EU,EX,CV,NA,38
P4KS,EU,EX,CV,SA,38
P4QA,RW,IM,CP,NA,38
P4VQ,RW,IM,CP,SA,38
P538,RW,IM,CV,NA,38
P58O,RW,IM,CV,SA,38
P5E6,RW,EX,CP,NA,38
P5JM,RW,EX,CP,SA,38
P5P4,RW,EX,CV,NA,38
P5UK,RW,EX,CV,SA,38
P26R,WW,IM,CP,NA,38.1
P2C9,WW,IM,CP,SA,38.1
P2HP,WW,IM,CV,NA,38.1
P2N7,WW,IM,CV,SA,38.1
P2SN,WW,EX,CP,NA,38.1
P2Y5,WW,EX,CP,SA,38.1
P35L,WW,EX,CV,NA,38.1
P3B3,WW,EX,CV,SA,38.1
P3GJ,EU,IM,CP,NA,38.1
P3LZ,EU,IM,CP,SA,38.1
P3RH,EU,IM,CV,NA,38.1
P3WX,EU,IM,CV,SA,38.1
P44F,EU,EX,CP,NA,38.1
P49V,EU,EX,CP,SA,38.1
P4FD,EU,EX,CV,NA,38.1
P4KT,EU,EX,CV,SA,38.1
P4QB,RW,IM,CP,NA,38.1
P4VR,RW,IM,CP,SA,38.1
P539,RW,IM,CV,NA,38.1
P58P,RW,IM,CV,SA,38.1
P5E7,RW,EX,CP,NA,38.1
P5JN,RW,EX,CP,SA,38.1
P5P5,RW,EX,CV,NA,38.1
P5UL,RW,EX,CV,SA,38.1
P26S,WW,IM,CP,NA,38.2
P2CA,WW,IM,CP,SA,38.2
P2HQ,WW,IM,CV,NA,38.2
P2N8,WW,IM,CV,SA,38.2
P2SO,WW,EX,CP,NA,38.2
P2Y6,WW,EX,CP,SA,38.2
P35M,WW,EX,CV,NA,38.2
P3B4,WW,EX,CV,SA,38.2
P3GK,EU,IM,CP,NA,38.2
P3M2,EU,IM,CP,SA,38.2
P3RI,EU,IM,CV,NA,38.2
P3WY,EU,IM,CV,SA,38.2
P44G,EU,EX,CP,NA,38.2
P49W,EU,EX,CP,SA,38.2
P4FE,EU,EX,CV,NA,38.2
P4KU,EU,EX,CV,SA,38.2
P4QC,RW,IM,CP,NA,38.2
P4VS,RW,IM,CP,SA,38.2
P53A,RW,IM,CV,NA,38.2
P58Q,RW,IM,CV,SA,38.2
P5E8,RW,EX,CP,NA,38.2
P5JO,RW,EX,CP,SA,38.2
P5P6,RW,EX,CV,NA,38.2
P5UM,RW,EX,CV,SA,38.2
P26T,WW,IM,CP,NA,38.3
P2CB,WW,IM,CP,SA,38.3
P2HR,WW,IM,CV,NA,38.3
P2N9,WW,IM,CV,SA,38.3
P2SP,WW,EX,CP,NA,38.3
P2Y7,WW,EX,CP,SA,38.3
P35N,WW,EX,CV,NA,38.3
P3B5,WW,EX,CV,SA,38.3
P3GL,EU,IM,CP,NA,38.3
P3M3,EU,IM,CP,SA,38.3
P3RJ,EU,IM,CV,NA,38.3
P3WZ,EU,IM,CV,SA,38.3
P44H,EU,EX,CP,NA,38.3
P49X,EU,EX,CP,SA,38.3
P4FF,EU,EX,CV,NA,38.3
P4KV,EU,EX,CV,SA,38.3
P4QD,RW,IM,CP,NA,38.3
P4VT,RW,IM,CP,SA,38.3
P53B,RW,IM,CV,NA,38.3
P58R,RW,IM,CV,SA,38.3
P5E9,RW,EX,CP,NA,38.3
P5JP,RW,EX,CP,SA,38.3
P5P7,RW,EX,CV,NA,38.3
P5UN,RW,EX,CV,SA,38.3
P26V,WW,IM,CP,NA,58
P2CD,WW,IM,CP,SA,58
P2HT,WW,IM,CV,NA,58
P2NB,WW,IM,CV,SA,58
P2SR,WW,EX,CP,NA,58
P2Y9,WW,EX,CP,SA,58
P35P,WW,EX,CV,NA,58
P3B7,WW,EX,CV,SA,58
P3GN,EU,IM,CP,NA,58
P3M5,EU,IM,CP,SA,58
P3RL,EU,IM,CV,NA,58
P3X3,EU,IM,CV,SA,58
P44J,EU,EX,CP,NA,58
P49Z,EU,EX,CP,SA,58
P4FH,EU,EX,CV,NA,58
P4KX,EU,EX,CV,SA,58
P4QF,RW,IM,CP,NA,58
P4VV,RW,IM,CP,SA,58
P53D,RW,IM,CV,NA,58
P58T,RW,IM,CV,SA,58
P5EB,RW,EX,CP,NA,58
P5JR,RW,EX,CP,SA,58
P5P9,RW,EX,CV,NA,58
P5UP,RW,EX,CV,SA,58
P26W,WW,IM,CP,NA,58.1
P2CE,WW,IM,CP,SA,58.1
P2HU,WW,IM,CV,NA,58.1
P2NC,WW,IM,CV,SA,58.1
P2SS,WW,EX,CP,NA,58.1
P2YA,WW,EX,CP,SA,58.1
P35Q,WW,EX,CV,NA,58.1
P3B8,WW,EX,CV,SA,58.1
P3GO,EU,IM,CP,NA,58.1
P3M6,EU,IM,CP,SA,58.1
P3RM,EU,IM,CV,NA,58.1
P3X4,EU,IM,CV,SA,58.1
P44K,EU,EX,CP,NA,58.1
P4A2,EU,EX,CP,SA,58.1
P4FI,EU,EX,CV,NA,58.1
P4KY,EU,EX,CV,SA,58.1
P4QG,RW,IM,CP,NA,58.1
P4VW,RW,IM,CP,SA,58.1
P53E,RW,IM,CV,NA,58.1
P58U,RW,IM,CV,SA,58.1
P5EC,RW,EX,CP,NA,58.1
P5JS,RW,EX,CP,SA,58.1
P5PA,RW,EX,CV,NA,58.1
P5UQ,RW,EX,CV,SA,58.1
P26X,WW,IM,CP,NA,58.2
P2CF,WW,IM,CP,SA,58.2
P2HV,WW,IM,CV,NA,58.2
P2ND,WW,IM,CV,SA,58.2
P2ST,WW,EX,CP,NA,58.2
P2YB,WW,EX,CP,SA,58.2
P35R,WW,EX,CV,NA,58.2
P3B9,WW,EX,CV,SA,58.2
P3GP,EU,IM,CP,NA,58.2
P3M7,EU,IM,CP,SA,58.2
P3RN,EU,IM,CV,NA,58.2
P3X5,EU,IM,CV,SA,58.2
P44L,EU,EX,CP,NA,58.2
P4A3,EU,EX,CP,SA,58.2
P4FJ,EU,EX,CV,NA,58.2
P4KZ,EU,EX,CV,SA,58.2
P4QH,RW,IM,CP,NA,58.2
P4VX,RW,IM,CP,SA,58.2
P53F,RW,IM,CV,NA,58.2
P58V,RW,IM,CV,SA,58.2
P5ED,RW,EX,CP,NA,58.2
P5JT,RW,EX,CP,SA,58.2
P5PB,RW,EX,CV,NA,58.2
P5UR,RW,EX,CV,SA,58.2
P26Y,WW,IM,CP,NA,59
P2CG,WW,IM,CP,SA,59
P2HW,WW,IM,CV,NA,59
P2NE,WW,IM,CV,SA,59
P2SU,WW,EX,CP,NA,59
P2YC,WW,EX,CP,SA,59
P35S,WW,EX,CV,NA,59
P3BA,WW,EX,CV,SA,59
P3GQ,EU,IM,CP,NA,59
P3M8,EU,IM,CP,SA,59
P3RO,EU,IM,CV,NA,59
P3X6,EU,IM,CV,SA,59
P44M,EU,EX,CP,NA,59
P4A4,EU,EX,CP,SA,59
P4FK,EU,EX,CV,NA,59
P4L2,EU,EX,CV,SA,59
P4QI,RW,IM,CP,NA,59
P4VY,RW,IM,CP,SA,59
P53G,RW,IM,CV,NA,59
P58W,RW,IM,CV,SA,59
P5EE,RW,EX,CP,NA,59
P5JU,RW,EX,CP,SA,59
P5PC,RW,EX,CV,NA,59
P5US,RW,EX,CV,SA,59
P26Z,WW,IM,CP,NA,59.1
P2CH,WW,IM,CP,SA,59.1
P2HX,WW,IM,CV,NA,59.1
P2NF,WW,IM,CV,SA,59.1
P2SV,WW,EX,CP,NA,59.1
P2YD,WW,EX,CP,SA,59.1
P35T,WW,EX,CV,NA,59.1
P3BB,WW,EX,CV,SA,59.1
P3GR,EU,IM,CP,NA,59.1
P3M9,EU,IM,CP,SA,59.1
P3RP,EU,IM,CV,NA,59.1
P3X7,EU,IM,CV,SA,59.1
P44N,EU,EX,CP,NA,59.1
P4A5,EU,EX,CP,SA,59.1
P4FL,EU,EX,CV,NA,59.1
P4L3,EU,EX,CV,SA,59.1
P4QJ,RW,IM,CP,NA,59.1
P4VZ,RW,IM,CP,SA,59.1
P53H,RW,IM,CV,NA,59.1
P58X,RW,IM,CV,SA,59.1
P5EF,RW,EX,CP,NA,59.1
P5JV,RW,EX,CP,SA,59.1
P5PD,RW,EX,CV,NA,59.1
P5UT,RW,EX,CV,SA,59.1
P272,WW,IM,CP,NA,59.2
P2CI,WW,IM,CP,SA,59.2
P2HY,WW,IM,CV,NA,59.2
P2NG,WW,IM,CV,SA,59.2
P2SW,WW,EX,CP,NA,59.2
P2YE,WW,EX,CP,SA,59.2
P35U,WW,EX,CV,NA,59.2
P3BC,WW,EX,CV,SA,59.2
P3GS,EU,IM,CP,NA,59.2
P3MA,EU,IM,CP,SA,59.2
P3RQ,EU,IM,CV,NA,59.2
P3X8,EU,IM,CV,SA,59.2
P44O,EU,EX,CP,NA,59.2
P4A6,EU,EX,CP,SA,59.2
P4FM,EU,EX,CV,NA,59.2
P4L4,EU,EX,CV,SA,59.2
P4QK,RW,IM,CP,NA,59.2
P4W2,RW,IM,CP,SA,59.2
P53I,RW,IM,CV,NA,59.2
P58Y,RW,IM,CV,SA,59.2
P5EG,RW,EX,CP,NA,59.2
P5JW,RW,EX,CP,SA,59.2
P5PE,RW,EX,CV,NA,59.2
P5UU,RW,EX,CV,SA,59.2
P274,WW,IM,CP,NA,71
P2CK,WW,IM,CP,SA,71
P2I2,WW,IM,CV,NA,71
P2NI,WW,IM,CV,SA,71
P2SY,WW,EX,CP,NA,71
P2YG,WW,EX,CP,SA,71
P35W,WW,EX,CV,NA,71
P3BE,WW,EX,CV,SA,71
P3GU,EU,IM,CP,NA,71
P3MC,EU,IM,CP,SA,71
P3RS,EU,IM,CV,NA,71
P3XA,EU,IM,CV,SA,71
P44Q,EU,EX,CP,NA,71
P4A8,EU,EX,CP,SA,71
P4FO,EU,EX,CV,NA,71
P4L6,EU,EX,CV,SA,71
P4QM,RW,IM,CP,NA,71
P4W4,RW,IM,CP,SA,71
P53K,RW,IM,CV,NA,71
P592,RW,IM,CV,SA,71
P5EI,RW,EX,CP,NA,71
P5JY,RW,EX,CP,SA,71
P5PG,RW,EX,CV,NA,71
P5UW,RW,EX,CV,SA,71
P275,WW,IM,CP,NA,71.1
P2CL,WW,IM,CP,SA,71.1
P2I3,WW,IM,CV,NA,71.1
P2NJ,WW,IM,CV,SA,71.1
P2SZ,WW,EX,CP,NA,71.1
P2YH,WW,EX,CP,SA,71.1
P35X,WW,EX,CV,NA,71.1
P3BF,WW,EX,CV,SA,71.1
P3GV,EU,IM,CP,NA,71.1
P3MD,EU,IM,CP,SA,71.1
P3RT,EU,IM,CV,NA,71.1
P3XB,EU,IM,CV,SA,71.1
P44R,EU,EX,CP,NA,71.1
P4A9,EU,EX,CP,SA,71.1
P4FP,EU,EX,CV,NA,71.1
P4L7,EU,EX,CV,SA,71.1
P4QN,RW,IM,CP,NA,71.1
P4W5,RW,IM,CP,SA,71.1
P53L,RW,IM,CV,NA,71.1
P593,RW,IM,CV,SA,71.1
P5EJ,RW,EX,CP,NA,71.1
P5JZ,RW,EX,CP,SA,71.1
P5PH,RW,EX,CV,NA,71.1
P5UX,RW,EX,CV,SA,71.1
P276,WW,IM,CP,NA,74
P2CM,WW,IM,CP,SA,74
P2I4,WW,IM,CV,NA,74
P2NK,WW,IM,CV,SA,74
P2T2,WW,EX,CP,NA,74
P2YI,WW,EX,CP,SA,74
P35Y,WW,EX,CV,NA,74
P3BG,WW,EX,CV,SA,74
P3GW,EU,IM,CP,NA,74
P3ME,EU,IM,CP,SA,74
P3RU,EU,IM,CV,NA,74
P3XC,EU,IM,CV,SA,74
P44S,EU,EX,CP,NA,74
P4AA,EU,EX,CP,SA,74
P4FQ,EU,EX,CV,NA,74
P4L8,EU,EX,CV,SA,74
P4QO,RW,IM,CP,NA,74
P4W6,RW,IM,CP,SA,74
P53M,RW,IM,CV,NA,74
P594,RW,IM,CV,SA,74
P5EK,RW,EX,CP,NA,74
P5K2,RW,EX,CP,SA,74
P5PI,RW,EX,CV,NA,74
P5UY,RW,EX,CV,SA,74
P277,WW,IM,CP,NA,74.2
P2CN,WW,IM,CP,SA,74.2
P2I5,WW,IM,CV,NA,74.2
P2NL,WW,IM,CV,SA,74.2
P2T3,WW,EX,CP,NA,74.2
P2YJ,WW,EX,CP,SA,74.2
P35Z,WW,EX,CV,NA,74.2
P3BH,WW,EX,CV,SA,74.2
P3GX,EU,IM,CP,NA,74.2
P3MF,EU,IM,CP,SA,74.2
P3RV,EU,IM,CV,NA,74.2
P3XD,EU,IM,CV,SA,74.2
P44T,EU,EX,CP,NA,74.2
P4AB,EU,EX,CP,SA,74.2
P4FR,EU,EX,CV,NA,74.2
P4L9,EU,EX,CV,SA,74.2
P4QP,RW,IM,CP,NA,74.2
P4W7,RW,IM,CP,SA,74.2
P53N,RW,IM,CV,NA,74.2
P595,RW,IM,CV,SA,74.2
P5EL,RW,EX,CP,NA,74.2
P5K3,RW,EX,CP,SA,74.2
P5PJ,RW,EX,CV,NA,74.2
P5UZ,RW,EX,CV,SA,74.2
P279,WW,IM,CP,NA,90
P2CP,WW,IM,CP,SA,90
P2I7,WW,IM,CV,NA,90
P2NN,WW,IM,CV,SA,90
P2T5,WW,EX,CP,NA,90
P2YL,WW,EX,CP,SA,90
P363,WW,EX,CV,NA,90
P3BJ,WW,EX,CV,SA,90
P3GZ,EU,IM,CP,NA,90
P3MH,EU,IM,CP,SA,90
P3RX,EU,IM,CV,NA,90
P3XF,EU,IM,CV,SA,90
P44V,EU,EX,CP,NA,90
P4AD,EU,EX,CP,SA,90
P4FT,EU,EX,CV,NA,90
P4LB,EU,EX,CV,SA,90
P4QR,RW,IM,CP,NA,90
P4W9,RW,IM,CP,SA,90
P53P,RW,IM,CV,NA,90
P597,RW,IM,CV,SA,90
P5EN,RW,EX,CP,NA,90
P5K5,RW,EX,CP,SA,90
P5PL,RW,EX,CV,NA,90
P5V3,RW,EX,CV,SA,90
P27A,WW,IM,CP,NA,90.0
P2CQ,WW,IM,CP,SA,90.0
P2I8,WW,IM,CV,NA,90.0
P2NO,WW,IM,CV,SA,90.0
P2T6,WW,EX,CP,NA,90.0
P2YM,WW,EX,CP,SA,90.0
P364,WW,EX,CV,NA,90.0
P3BK,WW,EX,CV,SA,90.0
P3H2,EU,IM,CP,NA,90.0
P3MI,EU,IM,CP,SA,90.0
P3RY,EU,IM,CV,NA,90.0
P3XG,EU,IM,CV,SA,90.0
P44W,EU,EX,CP,NA,90.0
P4AE,EU,EX,CP,SA,90.0
P4FU,EU,EX,CV,NA,90.0
P4LC,EU,EX,CV,SA,90.0
P4QS,RW,IM,CP,NA,90.0
P4WA,RW,IM,CP,SA,90.0
P53Q,RW,IM,CV,NA,90.0
P598,RW,IM,CV,SA,90.0
P5EO,RW,EX,CP,NA,90.0
P5K6,RW,EX,CP,SA,90.0
P5PM,RW,EX,CV,NA,90.0
P5V4,RW,EX,CV,SA,90.0
P27B,WW,IM,CP,NA,91
P2CR,WW,IM,CP,SA,91
P2I9,WW,IM,CV,NA,91
P2NP,WW,IM,CV,SA,91
P2T7,WW,EX,CP,NA,91
P2YN,WW,EX,CP,SA,91
P365,WW,EX,CV,NA,91
P3BL,WW,EX,CV,SA,91
P3H3,EU,IM,CP,NA,91
P3MJ,EU,IM,CP,SA,91
P3RZ,EU,IM,CV,NA,91
P3XH,EU,IM,CV,SA,91
P44X,EU,EX,CP,NA,91
P4AF,EU,EX,CP,SA,91
P4FV,EU,EX,CV,NA,91
P4LD,EU,EX,CV,SA,91
P4QT,RW,IM,CP,NA,91
P4WB,RW,IM,CP,SA,91
P53R,RW,IM,CV,NA,91
P599,RW,IM,CV,SA,91
P5EP,RW,EX,CP,NA,91
P5K7,RW,EX,CP,SA,91
P5PN,RW,EX,CV,NA,91
P5V5,RW,EX,CV,SA,91
P27C,WW,IM,CP,NA,91.0
P2CS,WW,IM,CP,SA,91.0
P2IA,WW,IM,CV,NA,91.0
P2NQ,WW,IM,CV,SA,91.0
P2T8,WW,EX,CP,NA,91.0
P2YO,WW,EX,CP,SA,91.0
P366,WW,EX,CV,NA,91.0
P3BM,WW,EX,CV,SA,91.0
P3H4,EU,IM,CP,NA,91.0
P3MK,EU,IM,CP,SA,91.0
P3S2,EU,IM,CV,NA,91.0
P3XI,EU,IM,CV,SA,91.0
P44Y,EU,EX,CP,NA,91.0
P4AG,EU,EX,CP,SA,91.0
P4FW,EU,EX,CV,NA,91.0
P4LE,EU,EX,CV,SA,91.0
P4QU,RW,IM,CP,NA,91.0
P4WC,RW,IM,CP,SA,91.0
P53S,RW,IM,CV,NA,91.0
P59A,RW,IM,CV,SA,91.0
P5EQ,RW,EX,CP,NA,91.0
P5K8,RW,EX,CP,SA,91.0
P5PO,RW,EX,CV,NA,91.0
P5V6,RW,EX,CV,SA,91.0
P2IC,WW,IM,CV,NA,96
P2NS,WW,IM,CV,SA,96
P368,WW,EX,CV,NA,96
P3BO,WW,EX,CV,SA,96
P3H6,EU,IM,CP,NA,96
P3MM,EU,IM,CP,SA,96
P3S4,EU,IM,CV,NA,96
P3XK,EU,IM,CV,SA,96
P452,EU,EX,CP,NA,96
P4FY,EU,EX,CV,NA,96
P4LG,EU,EX,CV,SA,96
P4QW,RW,IM,CP,NA,96
P53U,RW,IM,CV,NA,96
P59C,RW,IM,CV,SA,96
P5ES,RW,EX,CP,NA,96
P5KA,RW,EX,CP,SA,96
P5PQ,RW,EX,CV,NA,96
P5V8,RW,EX,CV,SA,96
P2ID,WW,IM,CV,NA,96.0
P369,WW,EX,CV,NA,96.0
P3H7,EU,IM,CP,NA,96.0
P3S5,EU,IM,CV,NA,96.0
P453,EU,EX,CP,NA,96.0
P4FZ,EU,EX,CV,NA,96.0
P4QX,RW,IM,CP,NA,96.0
P53V,RW,IM,CV,NA,96.0
P5ET,RW,EX,CP,NA,96.0
P5PR,RW,EX,CV,NA,96.0
P223,WW,IM,CP,NA,A
P27J,WW,IM,CP,SA,A
P2CZ,WW,IM,CV,NA,A
P2IH,WW,IM,CV,SA,A
P2NX,WW,EX,CP,NA,A
P2TF,WW,EX,CP,SA,A
P2YV,WW,EX,CV,NA,A
P36D,WW,EX,CV,SA,A
P3BT,EU,IM,CP,NA,A
P3HB,EU,IM,CP,SA,A
P3MR,EU,IM,CV,NA,A
P3S9,EU,IM,CV,SA,A
P3XP,EU,EX,CP,NA,A
P457,EU,EX,CP,SA,A
P4AN,EU,EX,CV,NA,A
P4G5,EU,EX,CV,SA,A
P4LL,RW,IM,CP,NA,A
P4R3,RW,IM,CP,SA,A
P4WJ,RW,IM,CV,NA,A
P53Z,RW,IM,CV,SA,A
P59H,RW,EX,CP,NA,A
P5EX,RW,EX,CP,SA,A
P5KF,RW,EX,CV,NA,A
P5PV,RW,EX,CV,SA,A
P22E,WW,IM,CP,NA,B
P27U,WW,IM,CP,SA,B
P2DC,WW,IM,CV,NA,B
P2IS,WW,IM,CV,SA,B
P2OA,WW,EX,CP,NA,B
P2TQ,WW,EX,CP,SA,B
P2Z8,WW,EX,CV,NA,B
P36O,WW,EX,CV,SA,B
P3C6,EU,IM,CP,NA,B
P3HM,EU,IM,CP,SA,B
P3N4,EU,IM,CV,NA,B
P3SK,EU,IM,CV,SA,B
P3Y2,EU,EX,CP,NA,B
P45I,EU,EX,CP,SA,B
P4AY,EU,EX,CV,NA,B
P4GG,EU,EX,CV,SA,B
P4LW,RW,IM,CP,NA,B
P4RE,RW,IM,CP,SA,B
P4WU,RW,IM,CV,NA,B
P54C,RW,IM,CV,SA,B
P59S,RW,EX,CP,NA,B
P5FA,RW,EX,CP,SA,B
P5KQ,RW,EX,CV,NA,B
P5Q8,RW,EX,CV,SA,B
P22R,WW,IM,CP,NA,C
P289,WW,IM,CP,SA,C
P2DP,WW,IM,CV,NA,C
P2J7,WW,IM,CV,SA,C
P2ON,WW,EX,CP,NA,C
P2U5,WW,EX,CP,SA,C
P2ZL,WW,EX,CV,NA,C
P373,WW,EX,CV,SA,C
P3CJ,EU,IM,CP,NA,C
P3HZ,EU,IM,CP,SA,C
P3NH,EU,IM,CV,NA,C
P3SX,EU,IM,CV,SA,C
P3YF,EU,EX,CP,NA,C
P45V,EU,EX,CP,SA,C
P4BD,EU,EX,CV,NA,C
P4GT,EU,EX,CV,SA,C
P4MB,RW,IM,CP,NA,C
P4RR,RW,IM,CP,SA,C
P4X9,RW,IM,CV,NA,C
P54P,RW,IM,CV,SA,C
P5A7,RW,EX,CP,NA,C
P5FN,RW,EX,CP,SA,C
P5L5,RW,EX,CV,NA,C
P5QL,RW,EX,CV,SA,C
P26J,WW,IM,CP,NA,D
P2BZ,WW,IM,CP,SA,D
P2HH,WW,IM,CV,NA,D
P2MX,WW,IM,CV,SA,D
P2SF,WW,EX,CP,NA,D
P2XV,WW,EX,CP,SA,D
P35D,WW,EX,CV,NA,D
P3AT,WW,EX,CV,SA,D
P3GB,EU,IM,CP,NA,D
P3LR,EU,IM,CP,SA,D
P3R9,EU,IM,CV,NA,D
P3WP,EU,IM,CV,SA,D
P447,EU,EX,CP,NA,D
P49N,EU,EX,CP,SA,D
P4F5,EU,EX,CV,NA,D
P4KL,EU,EX,CV,SA,D
P4Q3,RW,IM,CP,NA,D
P4VJ,RW,IM,CP,SA,D
P52Z,RW,IM,CV,NA,D
P58H,RW,IM,CV,SA,D
P5DX,RW,EX,CP,NA,D
P5JF,RW,EX,CP,SA,D
P5OV,RW,EX,CV,NA,D
P5UD,RW,EX,CV,SA,D
P26N,WW,IM,CP,NA,E
P2C5,WW,IM,CP,SA,E
P2HL,WW,IM,CV,NA,E
P2N3,WW,IM,CV,SA,E
P2SJ,WW,EX,CP,NA,E
P2XZ,WW,EX,CP,SA,E
P35H,WW,EX,CV,NA,E
P3AX,WW,EX,CV,SA,E
P3GF,EU,IM,CP,NA,E
P3LV,EU,IM,CP,SA,E
P3RD,EU,IM,CV,NA,E
P3WT,EU,IM,CV,SA,E
P44B,EU,EX,CP,NA,E
P49R,EU,EX,CP,SA,E
P4F9,EU,EX,CV,NA,E
P4KP,EU,EX,CV,SA,E
P4Q7,RW,IM,CP,NA,E
P4VN,RW,IM,CP,SA,E
P535,RW,IM,CV,NA,E
P58L,RW,IM,CV,SA,E
P5E3,RW,EX,CP,NA,E
P5JJ,RW,EX,CP,SA,E
P5OZ,RW,EX,CV,NA,E
P5UH,RW,EX,CV,SA,E
P26U,WW,IM,CP,NA,J
P2CC,WW,IM,CP,SA,J
P2HS,WW,IM,CV,NA,J
P2NA,WW,IM,CV,SA,J
P2SQ,WW,EX,CP,NA,J
P2Y8,WW,EX,CP,SA,J
P35O,WW,EX,CV,NA,J
P3B6,WW,EX,CV,SA,J
P3GM,EU,IM,CP,NA,J
P3M4,EU,IM,CP,SA,J
P3RK,EU,IM,CV,NA,J
P3X2,EU,IM,CV,SA,J
P44I,EU,EX,CP,NA,J
P49Y,EU,EX,CP,SA,J
P4FG,EU,EX,CV,NA,J
P4KW,EU,EX,CV,SA,J
P4QE,RW,IM,CP,NA,J
P4VU,RW,IM,CP,SA,J
P53C,RW,IM,CV,NA,J
P58S,RW,IM,CV,SA,J
P5EA,RW,EX,CP,NA,J
P5JQ,RW,EX,CP,SA,J
P5P8,RW,EX,CV,NA,J
P5UO,RW,EX,CV,SA,J
P273,WW,IM,CP,NA,M
P2CJ,WW,IM,CP,SA,M
P2HZ,WW,IM,CV,NA,M
P2NH,WW,IM,CV,SA,M
P2SX,WW,EX,CP,NA,M
P2YF,WW,EX,CP,SA,M
P35V,WW,EX,CV,NA,M
P3BD,WW,EX,CV,SA,M
P3GT,EU,IM,CP,NA,M
P3MB,EU,IM,CP,SA,M
P3RR,EU,IM,CV,NA,M
P3X9,EU,IM,CV,SA,M
P44P,EU,EX,CP,NA,M
P4A7,EU,EX,CP,SA,M
P4FN,EU,EX,CV,NA,M
P4L5,EU,EX,CV,SA,M
P4QL,RW,IM,CP,NA,M
P4W3,RW,IM,CP,SA,M
P53J,RW,IM,CV,NA,M
P58Z,RW,IM,CV,SA,M
P5EH,RW,EX,CP,NA,M
P5JX,RW,EX,CP,SA,M
P5PF,RW,EX,CV,NA,M
P5UV,RW,EX,CV,SA,M
P278,WW,IM,CP,NA,R
P2CO,WW,IM,CP,SA,R
P2I6,WW,IM,CV,NA,R
P2NM,WW,IM,CV,SA,R
P2T4,WW,EX,CP,NA,R
P2YK,WW,EX,CP,SA,R
P362,WW,EX,CV,NA,R
P3BI,WW,EX,CV,SA,R
P3GY,EU,IM,CP,NA,R
P3MG,EU,IM,CP,SA,R
P3RW,EU,IM,CV,NA,R
P3XE,EU,IM,CV,SA,R
P44U,EU,EX,CP,NA,R
P4AC,EU,EX,CP,SA,R
P4FS,EU,EX,CV,NA,R
P4LA,EU,EX,CV,SA,R
P4QQ,RW,IM,CP,NA,R
P4W8,RW,IM,CP,SA,R
P53O,RW,IM,CV,NA,R
P596,RW,IM,CV,SA,R
P5EM,RW,EX,CP,NA,R
P5K4,RW,EX,CP,SA,R
P5PK,RW,EX,CV,NA,R
P5V2,RW,EX,CV,SA,R
P2IB,WW,IM,CV,NA,S
P2NR,WW,IM,CV,SA,S
P367,WW,EX,CV,NA,S
P3BN,WW,EX,CV,SA,S
P3H5,EU,IM,CP,NA,S
P3ML,EU,IM,CP,SA,S
P3S3,EU,IM,CV,NA,S
P3XJ,EU,IM,CV,SA,S
P44Z,EU,EX,CP,NA,S
P4FX,EU,EX,CV,NA,S
P4LF,EU,EX,CV,SA,S
P4QV,RW,IM,CP,NA,S
P53T,RW,IM,CV,NA,S
P59B,RW,IM,CV,SA,S
P5ER,RW,EX,CP,NA,S
P5K9,RW,EX,CP,SA,S
P5PP,RW,EX,CV,NA,S
P5V7,RW,EX,CV,SA,S
P2NW,WW,EX,CP,NA,TOTAL
P2TE,WW,EX,CP,SA,TOTAL
P2YU,WW,EX,CV,NA,TOTAL
P36C,WW,EX,CV,SA,TOTAL
P3XO,EU,EX,CP,NA,TOTAL
P456,EU,EX,CP,SA,TOTAL
P4AM,EU,EX,CV,NA,TOTAL
P4G4,EU,EX,CV,SA,TOTAL
P59G,RW,EX,CP,NA,TOTAL
P5EW,RW,EX,CP,SA,TOTAL
P5KE,RW,EX,CV,NA,TOTAL
P5PU,RW,EX,CV,SA,TOTAL
P222,WW,IM,CP,NA,TOTAL
P27I,WW,IM,CP,SA,TOTAL
P2CY,WW,IM,CV,NA,TOTAL
P2IG,WW,IM,CV,SA,TOTAL
P3BS,EU,IM,CP,NA,TOTAL
P3HA,EU,IM,CP,SA,TOTAL
P3MQ,EU,IM,CV,NA,TOTAL
P3S8,EU,IM,CV,SA,TOTAL
P4LK,RW,IM,CP,NA,TOTAL
P4R2,RW,IM,CP,SA,TOTAL
P4WI,RW,IM,CV,NA,TOTAL
P53Y,RW,IM,CV,SA,TOTAL
